Fitter report for proyecto2
Thu Apr 23 10:55:56 2026
Quartus Prime Version 20.1.1 Build 720 11/11/2020 SJ Lite Edition


---------------------
; Table of Contents ;
---------------------
  1. Legal Notice
  2. Fitter Summary
  3. Fitter Settings
  4. Parallel Compilation
  5. Fitter Netlist Optimizations
  6. Incremental Compilation Preservation Summary
  7. Incremental Compilation Partition Settings
  8. Incremental Compilation Placement Preservation
  9. Pin-Out File
 10. Fitter Resource Usage Summary
 11. Fitter Partition Statistics
 12. Input Pins
 13. Output Pins
 14. I/O Bank Usage
 15. All Package Pins
 16. I/O Assignment Warnings
 17. Fitter Resource Utilization by Entity
 18. Delay Chain Summary
 19. Pad To Core Delay Chain Fanout
 20. Control Signals
 21. Global & Other Fast Signals
 22. Fitter RAM Summary
 23. Routing Usage Summary
 24. I/O Rules Summary
 25. I/O Rules Details
 26. I/O Rules Matrix
 27. Fitter Device Options
 28. Operating Settings and Conditions
 29. Estimated Delay Added for Hold Timing Summary
 30. Estimated Delay Added for Hold Timing Details
 31. Fitter Messages
 32. Fitter Suppressed Messages



----------------
; Legal Notice ;
----------------
Copyright (C) 2020  Intel Corporation. All rights reserved.
Your use of Intel Corporation's design tools, logic functions 
and other software and tools, and any partner logic 
functions, and any output files from any of the foregoing 
(including device programming or simulation files), and any 
associated documentation or information are expressly subject 
to the terms and conditions of the Intel Program License 
Subscription Agreement, the Intel Quartus Prime License Agreement,
the Intel FPGA IP License Agreement, or other applicable license
agreement, including, without limitation, that your use is for
the sole purpose of programming logic devices manufactured by
Intel and sold by Intel or its authorized distributors.  Please
refer to the applicable agreement for further details, at
https://fpgasoftware.intel.com/eula.



+-------------------------------------------------------------------------------+
; Fitter Summary                                                                ;
+---------------------------------+---------------------------------------------+
; Fitter Status                   ; Successful - Thu Apr 23 10:55:56 2026       ;
; Quartus Prime Version           ; 20.1.1 Build 720 11/11/2020 SJ Lite Edition ;
; Revision Name                   ; proyecto2                                   ;
; Top-level Entity Name           ; PE                                          ;
; Family                          ; Cyclone V                                   ;
; Device                          ; 5CGXFC7C7F23C8                              ;
; Timing Models                   ; Final                                       ;
; Logic utilization (in ALMs)     ; 55 / 56,480 ( < 1 % )                       ;
; Total registers                 ; 93                                          ;
; Total pins                      ; 76 / 268 ( 28 % )                           ;
; Total virtual pins              ; 0                                           ;
; Total block memory bits         ; 9,728 / 7,024,640 ( < 1 % )                 ;
; Total RAM Blocks                ; 1 / 686 ( < 1 % )                           ;
; Total DSP Blocks                ; 0 / 156 ( 0 % )                             ;
; Total HSSI RX PCSs              ; 0 / 6 ( 0 % )                               ;
; Total HSSI PMA RX Deserializers ; 0 / 6 ( 0 % )                               ;
; Total HSSI TX PCSs              ; 0 / 6 ( 0 % )                               ;
; Total HSSI PMA TX Serializers   ; 0 / 6 ( 0 % )                               ;
; Total PLLs                      ; 0 / 13 ( 0 % )                              ;
; Total DLLs                      ; 0 / 4 ( 0 % )                               ;
+---------------------------------+---------------------------------------------+


+----------------------------------------------------------------------------------------------------------------------------------------------------+
; Fitter Settings                                                                                                                                    ;
+--------------------------------------------------------------------+---------------------------------------+---------------------------------------+
; Option                                                             ; Setting                               ; Default Value                         ;
+--------------------------------------------------------------------+---------------------------------------+---------------------------------------+
; Device                                                             ; 5CGXFC7C7F23C8                        ;                                       ;
; Minimum Core Junction Temperature                                  ; 0                                     ;                                       ;
; Maximum Core Junction Temperature                                  ; 85                                    ;                                       ;
; Use smart compilation                                              ; Off                                   ; Off                                   ;
; Enable parallel Assembler and Timing Analyzer during compilation   ; On                                    ; On                                    ;
; Enable compact report table                                        ; Off                                   ; Off                                   ;
; Router Timing Optimization Level                                   ; Normal                                ; Normal                                ;
; Perform Clocking Topology Analysis During Routing                  ; Off                                   ; Off                                   ;
; Placement Effort Multiplier                                        ; 1.0                                   ; 1.0                                   ;
; Device initialization clock source                                 ; INIT_INTOSC                           ; INIT_INTOSC                           ;
; Optimize Hold Timing                                               ; All Paths                             ; All Paths                             ;
; Optimize Multi-Corner Timing                                       ; On                                    ; On                                    ;
; Auto RAM to MLAB Conversion                                        ; On                                    ; On                                    ;
; Equivalent RAM and MLAB Power Up                                   ; Auto                                  ; Auto                                  ;
; Equivalent RAM and MLAB Paused Read Capabilities                   ; Care                                  ; Care                                  ;
; Power Optimization During Fitting                                  ; Normal compilation                    ; Normal compilation                    ;
; SSN Optimization                                                   ; Off                                   ; Off                                   ;
; Optimize Timing                                                    ; Normal compilation                    ; Normal compilation                    ;
; Optimize Timing for ECOs                                           ; Off                                   ; Off                                   ;
; Regenerate Full Fit Report During ECO Compiles                     ; Off                                   ; Off                                   ;
; Optimize IOC Register Placement for Timing                         ; Normal                                ; Normal                                ;
; Final Placement Optimizations                                      ; Automatically                         ; Automatically                         ;
; Fitter Aggressive Routability Optimizations                        ; Automatically                         ; Automatically                         ;
; Fitter Initial Placement Seed                                      ; 1                                     ; 1                                     ;
; Periphery to Core Placement and Routing Optimization               ; Off                                   ; Off                                   ;
; Weak Pull-Up Resistor                                              ; Off                                   ; Off                                   ;
; Enable Bus-Hold Circuitry                                          ; Off                                   ; Off                                   ;
; Auto Packed Registers                                              ; Auto                                  ; Auto                                  ;
; Auto Delay Chains                                                  ; On                                    ; On                                    ;
; Auto Delay Chains for High Fanout Input Pins                       ; Off                                   ; Off                                   ;
; Treat Bidirectional Pin as Output Pin                              ; Off                                   ; Off                                   ;
; Perform Physical Synthesis for Combinational Logic for Fitting     ; Off                                   ; Off                                   ;
; Perform Physical Synthesis for Combinational Logic for Performance ; Off                                   ; Off                                   ;
; Perform Register Duplication for Performance                       ; Off                                   ; Off                                   ;
; Perform Register Retiming for Performance                          ; Off                                   ; Off                                   ;
; Perform Asynchronous Signal Pipelining                             ; Off                                   ; Off                                   ;
; Fitter Effort                                                      ; Auto Fit                              ; Auto Fit                              ;
; Physical Synthesis Effort Level                                    ; Normal                                ; Normal                                ;
; Logic Cell Insertion - Logic Duplication                           ; Auto                                  ; Auto                                  ;
; Auto Register Duplication                                          ; Auto                                  ; Auto                                  ;
; Auto Global Clock                                                  ; On                                    ; On                                    ;
; Auto Global Register Control Signals                               ; On                                    ; On                                    ;
; Reserve all unused pins                                            ; As input tri-stated with weak pull-up ; As input tri-stated with weak pull-up ;
; Synchronizer Identification                                        ; Auto                                  ; Auto                                  ;
; Enable Beneficial Skew Optimization                                ; On                                    ; On                                    ;
; Optimize Design for Metastability                                  ; On                                    ; On                                    ;
; Active Serial clock source                                         ; FREQ_100MHz                           ; FREQ_100MHz                           ;
; Force Fitter to Avoid Periphery Placement Warnings                 ; Off                                   ; Off                                   ;
; Clamping Diode                                                     ; Off                                   ; Off                                   ;
; Enable input tri-state on active configuration pins in user mode   ; Off                                   ; Off                                   ;
; Advanced Physical Optimization                                     ; On                                    ; On                                    ;
+--------------------------------------------------------------------+---------------------------------------+---------------------------------------+


+------------------------------------------+
; Parallel Compilation                     ;
+----------------------------+-------------+
; Processors                 ; Number      ;
+----------------------------+-------------+
; Number detected on machine ; 16          ;
; Maximum allowed            ; 10          ;
;                            ;             ;
; Average used               ; 1.03        ;
; Maximum used               ; 10          ;
;                            ;             ;
; Usage by Processor         ; % Time Used ;
;     Processor 1            ; 100.0%      ;
;     Processor 2            ;   0.3%      ;
;     Processor 3            ;   0.3%      ;
;     Processor 4            ;   0.3%      ;
;     Processor 5            ;   0.3%      ;
;     Processor 6            ;   0.3%      ;
;     Processor 7            ;   0.3%      ;
;     Processor 8            ;   0.3%      ;
;     Processors 9-10        ;   0.2%      ;
+----------------------------+-------------+


+----------------------------------------------------------------------------------------------------------------------------------------------------------------+
; Fitter Netlist Optimizations                                                                                                                                   ;
+------------------+---------+-----------+----------------------------+-----------+----------------+------------------+------------------+-----------------------+
; Node             ; Action  ; Operation ; Reason                     ; Node Port ; Node Port Name ; Destination Node ; Destination Port ; Destination Port Name ;
+------------------+---------+-----------+----------------------------+-----------+----------------+------------------+------------------+-----------------------+
; clk~inputCLKENA0 ; Created ; Placement ; Fitter Periphery Placement ;           ;                ;                  ;                  ;                       ;
+------------------+---------+-----------+----------------------------+-----------+----------------+------------------+------------------+-----------------------+


+--------------------------------------------------------------------------------------------------+
; Incremental Compilation Preservation Summary                                                     ;
+---------------------+--------------------+----------------------------+--------------------------+
; Type                ; Total [A + B]      ; From Design Partitions [A] ; From Rapid Recompile [B] ;
+---------------------+--------------------+----------------------------+--------------------------+
; Placement (by node) ;                    ;                            ;                          ;
;     -- Requested    ; 0.00 % ( 0 / 386 ) ; 0.00 % ( 0 / 386 )         ; 0.00 % ( 0 / 386 )       ;
;     -- Achieved     ; 0.00 % ( 0 / 386 ) ; 0.00 % ( 0 / 386 )         ; 0.00 % ( 0 / 386 )       ;
;                     ;                    ;                            ;                          ;
; Routing (by net)    ;                    ;                            ;                          ;
;     -- Requested    ; 0.00 % ( 0 / 0 )   ; 0.00 % ( 0 / 0 )           ; 0.00 % ( 0 / 0 )         ;
;     -- Achieved     ; 0.00 % ( 0 / 0 )   ; 0.00 % ( 0 / 0 )           ; 0.00 % ( 0 / 0 )         ;
+---------------------+--------------------+----------------------------+--------------------------+


+----------------------------------------------------------------------------------------------------------------------------------------------------------------------------------------+
; Incremental Compilation Partition Settings                                                                                                                                             ;
+--------------------------------+----------------+-------------------+-------------------------+------------------------+------------------------------+--------------------------------+
; Partition Name                 ; Partition Type ; Netlist Type Used ; Preservation Level Used ; Netlist Type Requested ; Preservation Level Requested ; Contents                       ;
+--------------------------------+----------------+-------------------+-------------------------+------------------------+------------------------------+--------------------------------+
; Top                            ; User-created   ; Source File       ; N/A                     ; Source File            ; N/A                          ;                                ;
; hard_block:auto_generated_inst ; Auto-generated ; Source File       ; N/A                     ; Source File            ; N/A                          ; hard_block:auto_generated_inst ;
+--------------------------------+----------------+-------------------+-------------------------+------------------------+------------------------------+--------------------------------+


+------------------------------------------------------------------------------------------------------------------------------------+
; Incremental Compilation Placement Preservation                                                                                     ;
+--------------------------------+-----------------------+-------------------------+-------------------+---------------------+-------+
; Partition Name                 ; Preservation Achieved ; Preservation Level Used ; Netlist Type Used ; Preservation Method ; Notes ;
+--------------------------------+-----------------------+-------------------------+-------------------+---------------------+-------+
; Top                            ; 0.00 % ( 0 / 386 )    ; N/A                     ; Source File       ; N/A                 ;       ;
; hard_block:auto_generated_inst ; 0.00 % ( 0 / 0 )      ; N/A                     ; Source File       ; N/A                 ;       ;
+--------------------------------+-----------------------+-------------------------+-------------------+---------------------+-------+


+--------------+
; Pin-Out File ;
+--------------+
The pin-out file can be found in C:/Users/jimmy/GitHub/jfeng_mvillatoro_jcampos_a2_2026_s1/proyecto2.pin.


+------------------------------------------------------------------------------------------+
; Fitter Resource Usage Summary                                                            ;
+-------------------------------------------------------------+--------------------+-------+
; Resource                                                    ; Usage              ; %     ;
+-------------------------------------------------------------+--------------------+-------+
; Logic utilization (ALMs needed / total ALMs on device)      ; 55 / 56,480        ; < 1 % ;
; ALMs needed [=A-B+C]                                        ; 55                 ;       ;
;     [A] ALMs used in final placement [=a+b+c+d]             ; 58 / 56,480        ; < 1 % ;
;         [a] ALMs used for LUT logic and registers           ; 46                 ;       ;
;         [b] ALMs used for LUT logic                         ; 11                 ;       ;
;         [c] ALMs used for registers                         ; 1                  ;       ;
;         [d] ALMs used for memory (up to half of total ALMs) ; 0                  ;       ;
;     [B] Estimate of ALMs recoverable by dense packing       ; 3 / 56,480         ; < 1 % ;
;     [C] Estimate of ALMs unavailable [=a+b+c+d]             ; 0 / 56,480         ; 0 %   ;
;         [a] Due to location constrained logic               ; 0                  ;       ;
;         [b] Due to LAB-wide signal conflicts                ; 0                  ;       ;
;         [c] Due to LAB input limits                         ; 0                  ;       ;
;         [d] Due to virtual I/Os                             ; 0                  ;       ;
;                                                             ;                    ;       ;
; Difficulty packing design                                   ; Low                ;       ;
;                                                             ;                    ;       ;
; Total LABs:  partially or completely used                   ; 7 / 5,648          ; < 1 % ;
;     -- Logic LABs                                           ; 7                  ;       ;
;     -- Memory LABs (up to half of total LABs)               ; 0                  ;       ;
;                                                             ;                    ;       ;
; Combinational ALUT usage for logic                          ; 103                ;       ;
;     -- 7 input functions                                    ; 0                  ;       ;
;     -- 6 input functions                                    ; 44                 ;       ;
;     -- 5 input functions                                    ; 4                  ;       ;
;     -- 4 input functions                                    ; 0                  ;       ;
;     -- <=3 input functions                                  ; 55                 ;       ;
; Combinational ALUT usage for route-throughs                 ; 0                  ;       ;
;                                                             ;                    ;       ;
; Dedicated logic registers                                   ; 93                 ;       ;
;     -- By type:                                             ;                    ;       ;
;         -- Primary logic registers                          ; 93 / 112,960       ; < 1 % ;
;         -- Secondary logic registers                        ; 0 / 112,960        ; 0 %   ;
;     -- By function:                                         ;                    ;       ;
;         -- Design implementation registers                  ; 93                 ;       ;
;         -- Routing optimization registers                   ; 0                  ;       ;
;                                                             ;                    ;       ;
; Virtual pins                                                ; 0                  ;       ;
; I/O pins                                                    ; 76 / 268           ; 28 %  ;
;     -- Clock pins                                           ; 5 / 11             ; 45 %  ;
;     -- Dedicated input pins                                 ; 0 / 23             ; 0 %   ;
;                                                             ;                    ;       ;
; M10K blocks                                                 ; 1 / 686            ; < 1 % ;
; Total MLAB memory bits                                      ; 0                  ;       ;
; Total block memory bits                                     ; 9,728 / 7,024,640  ; < 1 % ;
; Total block memory implementation bits                      ; 10,240 / 7,024,640 ; < 1 % ;
;                                                             ;                    ;       ;
; Total DSP Blocks                                            ; 0 / 156            ; 0 %   ;
;                                                             ;                    ;       ;
; Fractional PLLs                                             ; 0 / 7              ; 0 %   ;
; Global signals                                              ; 1                  ;       ;
;     -- Global clocks                                        ; 1 / 16             ; 6 %   ;
;     -- Quadrant clocks                                      ; 0 / 88             ; 0 %   ;
;     -- Horizontal periphery clocks                          ; 0 / 18             ; 0 %   ;
; SERDES Transmitters                                         ; 0 / 120            ; 0 %   ;
; SERDES Receivers                                            ; 0 / 120            ; 0 %   ;
; JTAGs                                                       ; 0 / 1              ; 0 %   ;
; ASMI blocks                                                 ; 0 / 1              ; 0 %   ;
; CRC blocks                                                  ; 0 / 1              ; 0 %   ;
; Remote update blocks                                        ; 0 / 1              ; 0 %   ;
; Oscillator blocks                                           ; 0 / 1              ; 0 %   ;
; Hard IPs                                                    ; 0 / 1              ; 0 %   ;
; Standard RX PCSs                                            ; 0 / 6              ; 0 %   ;
; HSSI PMA RX Deserializers                                   ; 0 / 6              ; 0 %   ;
; Standard TX PCSs                                            ; 0 / 6              ; 0 %   ;
; HSSI PMA TX Serializers                                     ; 0 / 6              ; 0 %   ;
; Channel PLLs                                                ; 0 / 6              ; 0 %   ;
; Impedance control blocks                                    ; 0 / 3              ; 0 %   ;
; Hard Memory Controllers                                     ; 0 / 2              ; 0 %   ;
; Average interconnect usage (total/H/V)                      ; 0.0% / 0.0% / 0.0% ;       ;
; Peak interconnect usage (total/H/V)                         ; 1.2% / 1.4% / 0.7% ;       ;
; Maximum fan-out                                             ; 94                 ;       ;
; Highest non-global fan-out                                  ; 93                 ;       ;
; Total fan-out                                               ; 824                ;       ;
; Average fan-out                                             ; 2.35               ;       ;
+-------------------------------------------------------------+--------------------+-------+


+----------------------------------------------------------------------------------------------------------------------+
; Fitter Partition Statistics                                                                                          ;
+-------------------------------------------------------------+-----------------------+--------------------------------+
; Statistic                                                   ; Top                   ; hard_block:auto_generated_inst ;
+-------------------------------------------------------------+-----------------------+--------------------------------+
; Logic utilization (ALMs needed / total ALMs on device)      ; 55 / 56480 ( < 1 % )  ; 0 / 56480 ( 0 % )              ;
; ALMs needed [=A-B+C]                                        ; 55                    ; 0                              ;
;     [A] ALMs used in final placement [=a+b+c+d]             ; 58 / 56480 ( < 1 % )  ; 0 / 56480 ( 0 % )              ;
;         [a] ALMs used for LUT logic and registers           ; 46                    ; 0                              ;
;         [b] ALMs used for LUT logic                         ; 11                    ; 0                              ;
;         [c] ALMs used for registers                         ; 1                     ; 0                              ;
;         [d] ALMs used for memory (up to half of total ALMs) ; 0                     ; 0                              ;
;     [B] Estimate of ALMs recoverable by dense packing       ; 3 / 56480 ( < 1 % )   ; 0 / 56480 ( 0 % )              ;
;     [C] Estimate of ALMs unavailable [=a+b+c+d]             ; 0 / 56480 ( 0 % )     ; 0 / 56480 ( 0 % )              ;
;         [a] Due to location constrained logic               ; 0                     ; 0                              ;
;         [b] Due to LAB-wide signal conflicts                ; 0                     ; 0                              ;
;         [c] Due to LAB input limits                         ; 0                     ; 0                              ;
;         [d] Due to virtual I/Os                             ; 0                     ; 0                              ;
;                                                             ;                       ;                                ;
; Difficulty packing design                                   ; Low                   ; Low                            ;
;                                                             ;                       ;                                ;
; Total LABs:  partially or completely used                   ; 7 / 5648 ( < 1 % )    ; 0 / 5648 ( 0 % )               ;
;     -- Logic LABs                                           ; 7                     ; 0                              ;
;     -- Memory LABs (up to half of total LABs)               ; 0                     ; 0                              ;
;                                                             ;                       ;                                ;
; Combinational ALUT usage for logic                          ; 103                   ; 0                              ;
;     -- 7 input functions                                    ; 0                     ; 0                              ;
;     -- 6 input functions                                    ; 44                    ; 0                              ;
;     -- 5 input functions                                    ; 4                     ; 0                              ;
;     -- 4 input functions                                    ; 0                     ; 0                              ;
;     -- <=3 input functions                                  ; 55                    ; 0                              ;
; Combinational ALUT usage for route-throughs                 ; 0                     ; 0                              ;
; Memory ALUT usage                                           ; 0                     ; 0                              ;
;     -- 64-address deep                                      ; 0                     ; 0                              ;
;     -- 32-address deep                                      ; 0                     ; 0                              ;
;                                                             ;                       ;                                ;
; Dedicated logic registers                                   ; 0                     ; 0                              ;
;     -- By type:                                             ;                       ;                                ;
;         -- Primary logic registers                          ; 93 / 112960 ( < 1 % ) ; 0 / 112960 ( 0 % )             ;
;         -- Secondary logic registers                        ; 0 / 112960 ( 0 % )    ; 0 / 112960 ( 0 % )             ;
;     -- By function:                                         ;                       ;                                ;
;         -- Design implementation registers                  ; 93                    ; 0                              ;
;         -- Routing optimization registers                   ; 0                     ; 0                              ;
;                                                             ;                       ;                                ;
;                                                             ;                       ;                                ;
; Virtual pins                                                ; 0                     ; 0                              ;
; I/O pins                                                    ; 76                    ; 0                              ;
; I/O registers                                               ; 0                     ; 0                              ;
; Total block memory bits                                     ; 9728                  ; 0                              ;
; Total block memory implementation bits                      ; 10240                 ; 0                              ;
; M10K block                                                  ; 1 / 686 ( < 1 % )     ; 0 / 686 ( 0 % )                ;
; Clock enable block                                          ; 1 / 122 ( < 1 % )     ; 0 / 122 ( 0 % )                ;
;                                                             ;                       ;                                ;
; Connections                                                 ;                       ;                                ;
;     -- Input Connections                                    ; 0                     ; 0                              ;
;     -- Registered Input Connections                         ; 0                     ; 0                              ;
;     -- Output Connections                                   ; 0                     ; 0                              ;
;     -- Registered Output Connections                        ; 0                     ; 0                              ;
;                                                             ;                       ;                                ;
; Internal Connections                                        ;                       ;                                ;
;     -- Total Connections                                    ; 854                   ; 0                              ;
;     -- Registered Connections                               ; 354                   ; 0                              ;
;                                                             ;                       ;                                ;
; External Connections                                        ;                       ;                                ;
;     -- Top                                                  ; 0                     ; 0                              ;
;     -- hard_block:auto_generated_inst                       ; 0                     ; 0                              ;
;                                                             ;                       ;                                ;
; Partition Interface                                         ;                       ;                                ;
;     -- Input Ports                                          ; 35                    ; 0                              ;
;     -- Output Ports                                         ; 41                    ; 0                              ;
;     -- Bidir Ports                                          ; 0                     ; 0                              ;
;                                                             ;                       ;                                ;
; Registered Ports                                            ;                       ;                                ;
;     -- Registered Input Ports                               ; 0                     ; 0                              ;
;     -- Registered Output Ports                              ; 0                     ; 0                              ;
;                                                             ;                       ;                                ;
; Port Connectivity                                           ;                       ;                                ;
;     -- Input Ports driven by GND                            ; 0                     ; 0                              ;
;     -- Output Ports driven by GND                           ; 0                     ; 0                              ;
;     -- Input Ports driven by VCC                            ; 0                     ; 0                              ;
;     -- Output Ports driven by VCC                           ; 0                     ; 0                              ;
;     -- Input Ports with no Source                           ; 0                     ; 0                              ;
;     -- Output Ports with no Source                          ; 0                     ; 0                              ;
;     -- Input Ports with no Fanout                           ; 0                     ; 0                              ;
;     -- Output Ports with no Fanout                          ; 0                     ; 0                              ;
+-------------------------------------------------------------+-----------------------+--------------------------------+


+-----------------------------------------------------------------------------------------------------------------------------------------------------------------------------------------------------------------------------------------------------------------------------------------------+
; Input Pins                                                                                                                                                                                                                                                                                    ;
+----------------+-------+----------+--------------+--------------+--------------+-----------------------+--------------------+--------+----------------+-----------------+----------+--------------+--------------+-------------+---------------------------+----------------------+-----------+
; Name           ; Pin # ; I/O Bank ; X coordinate ; Y coordinate ; Z coordinate ; Combinational Fan-Out ; Registered Fan-Out ; Global ; Input Register ; PCI I/O Enabled ; Bus Hold ; Weak Pull Up ; I/O Standard ; Termination ; Termination Control Block ; Location assigned by ; Slew Rate ;
+----------------+-------+----------+--------------+--------------+--------------+-----------------------+--------------------+--------+----------------+-----------------+----------+--------------+--------------+-------------+---------------------------+----------------------+-----------+
; clk            ; M16   ; 5B       ; 89           ; 35           ; 60           ; 94                    ; 0                  ; yes    ; no             ; no              ; no       ; Off          ; 2.5 V        ; Off         ; --                        ; Fitter               ; no        ;
; data_cache[0]  ; F12   ; 7A       ; 56           ; 81           ; 51           ; 0                     ; 0                  ; no     ; no             ; no              ; no       ; Off          ; 2.5 V        ; Off         ; --                        ; Fitter               ; no        ;
; data_cache[10] ; A9    ; 8A       ; 36           ; 81           ; 51           ; 0                     ; 0                  ; no     ; no             ; no              ; no       ; Off          ; 2.5 V        ; Off         ; --                        ; Fitter               ; no        ;
; data_cache[11] ; P17   ; 5A       ; 89           ; 9            ; 20           ; 0                     ; 0                  ; no     ; no             ; no              ; no       ; Off          ; 2.5 V        ; Off         ; --                        ; Fitter               ; no        ;
; data_cache[12] ; N6    ; 3A       ; 4            ; 0            ; 0            ; 0                     ; 0                  ; no     ; no             ; no              ; no       ; Off          ; 2.5 V        ; Off         ; --                        ; Fitter               ; no        ;
; data_cache[13] ; F22   ; 7A       ; 82           ; 81           ; 91           ; 0                     ; 0                  ; no     ; no             ; no              ; no       ; Off          ; 2.5 V        ; Off         ; --                        ; Fitter               ; no        ;
; data_cache[14] ; H13   ; 7A       ; 56           ; 81           ; 0            ; 0                     ; 0                  ; no     ; no             ; no              ; no       ; Off          ; 2.5 V        ; Off         ; --                        ; Fitter               ; no        ;
; data_cache[15] ; P22   ; 5A       ; 89           ; 8            ; 54           ; 0                     ; 0                  ; no     ; no             ; no              ; no       ; Off          ; 2.5 V        ; Off         ; --                        ; Fitter               ; no        ;
; data_cache[16] ; A7    ; 8A       ; 30           ; 81           ; 17           ; 0                     ; 0                  ; no     ; no             ; no              ; no       ; Off          ; 2.5 V        ; Off         ; --                        ; Fitter               ; no        ;
; data_cache[17] ; A18   ; 7A       ; 74           ; 81           ; 40           ; 0                     ; 0                  ; no     ; no             ; no              ; no       ; Off          ; 2.5 V        ; Off         ; --                        ; Fitter               ; no        ;
; data_cache[18] ; A14   ; 7A       ; 66           ; 81           ; 91           ; 0                     ; 0                  ; no     ; no             ; no              ; no       ; Off          ; 2.5 V        ; Off         ; --                        ; Fitter               ; no        ;
; data_cache[19] ; Y9    ; 3B       ; 34           ; 0            ; 74           ; 0                     ; 0                  ; no     ; no             ; no              ; no       ; Off          ; 2.5 V        ; Off         ; --                        ; Fitter               ; no        ;
; data_cache[1]  ; T9    ; 3B       ; 30           ; 0            ; 17           ; 0                     ; 0                  ; no     ; no             ; no              ; no       ; Off          ; 2.5 V        ; Off         ; --                        ; Fitter               ; no        ;
; data_cache[20] ; V21   ; 4A       ; 70           ; 0            ; 34           ; 0                     ; 0                  ; no     ; no             ; no              ; no       ; Off          ; 2.5 V        ; Off         ; --                        ; Fitter               ; no        ;
; data_cache[21] ; D9    ; 8A       ; 28           ; 81           ; 17           ; 0                     ; 0                  ; no     ; no             ; no              ; no       ; Off          ; 2.5 V        ; Off         ; --                        ; Fitter               ; no        ;
; data_cache[22] ; J19   ; 7A       ; 68           ; 81           ; 34           ; 0                     ; 0                  ; no     ; no             ; no              ; no       ; Off          ; 2.5 V        ; Off         ; --                        ; Fitter               ; no        ;
; data_cache[23] ; A13   ; 7A       ; 60           ; 81           ; 51           ; 0                     ; 0                  ; no     ; no             ; no              ; no       ; Off          ; 2.5 V        ; Off         ; --                        ; Fitter               ; no        ;
; data_cache[24] ; H10   ; 7A       ; 58           ; 81           ; 91           ; 0                     ; 0                  ; no     ; no             ; no              ; no       ; Off          ; 2.5 V        ; Off         ; --                        ; Fitter               ; no        ;
; data_cache[25] ; G16   ; 7A       ; 70           ; 81           ; 51           ; 0                     ; 0                  ; no     ; no             ; no              ; no       ; Off          ; 2.5 V        ; Off         ; --                        ; Fitter               ; no        ;
; data_cache[26] ; U6    ; 3A       ; 6            ; 0            ; 51           ; 0                     ; 0                  ; no     ; no             ; no              ; no       ; Off          ; 2.5 V        ; Off         ; --                        ; Fitter               ; no        ;
; data_cache[27] ; L19   ; 5B       ; 89           ; 38           ; 3            ; 0                     ; 0                  ; no     ; no             ; no              ; no       ; Off          ; 2.5 V        ; Off         ; --                        ; Fitter               ; no        ;
; data_cache[28] ; U17   ; 4A       ; 72           ; 0            ; 0            ; 0                     ; 0                  ; no     ; no             ; no              ; no       ; Off          ; 2.5 V        ; Off         ; --                        ; Fitter               ; no        ;
; data_cache[29] ; H11   ; 7A       ; 52           ; 81           ; 0            ; 0                     ; 0                  ; no     ; no             ; no              ; no       ; Off          ; 2.5 V        ; Off         ; --                        ; Fitter               ; no        ;
; data_cache[2]  ; U12   ; 3B       ; 36           ; 0            ; 0            ; 0                     ; 0                  ; no     ; no             ; no              ; no       ; Off          ; 2.5 V        ; Off         ; --                        ; Fitter               ; no        ;
; data_cache[30] ; B10   ; 8A       ; 34           ; 81           ; 40           ; 0                     ; 0                  ; no     ; no             ; no              ; no       ; Off          ; 2.5 V        ; Off         ; --                        ; Fitter               ; no        ;
; data_cache[31] ; H14   ; 7A       ; 60           ; 81           ; 0            ; 0                     ; 0                  ; no     ; no             ; no              ; no       ; Off          ; 2.5 V        ; Off         ; --                        ; Fitter               ; no        ;
; data_cache[3]  ; B21   ; 7A       ; 82           ; 81           ; 57           ; 0                     ; 0                  ; no     ; no             ; no              ; no       ; Off          ; 2.5 V        ; Off         ; --                        ; Fitter               ; no        ;
; data_cache[4]  ; R7    ; 3A       ; 8            ; 0            ; 51           ; 0                     ; 0                  ; no     ; no             ; no              ; no       ; Off          ; 2.5 V        ; Off         ; --                        ; Fitter               ; no        ;
; data_cache[5]  ; H6    ; 8A       ; 26           ; 81           ; 57           ; 0                     ; 0                  ; no     ; no             ; no              ; no       ; Off          ; 2.5 V        ; Off         ; --                        ; Fitter               ; no        ;
; data_cache[6]  ; A20   ; 7A       ; 74           ; 81           ; 74           ; 0                     ; 0                  ; no     ; no             ; no              ; no       ; Off          ; 2.5 V        ; Off         ; --                        ; Fitter               ; no        ;
; data_cache[7]  ; R21   ; 5A       ; 89           ; 8            ; 37           ; 0                     ; 0                  ; no     ; no             ; no              ; no       ; Off          ; 2.5 V        ; Off         ; --                        ; Fitter               ; no        ;
; data_cache[8]  ; W8    ; 3A       ; 4            ; 0            ; 51           ; 0                     ; 0                  ; no     ; no             ; no              ; no       ; Off          ; 2.5 V        ; Off         ; --                        ; Fitter               ; no        ;
; data_cache[9]  ; D21   ; 7A       ; 88           ; 81           ; 52           ; 0                     ; 0                  ; no     ; no             ; no              ; no       ; Off          ; 2.5 V        ; Off         ; --                        ; Fitter               ; no        ;
; rst            ; U15   ; 4A       ; 60           ; 0            ; 0            ; 93                    ; 0                  ; no     ; no             ; no              ; no       ; Off          ; 2.5 V        ; Off         ; --                        ; Fitter               ; no        ;
; stall_cache    ; AB21  ; 4A       ; 58           ; 0            ; 74           ; 4                     ; 0                  ; no     ; no             ; no              ; no       ; Off          ; 2.5 V        ; Off         ; --                        ; Fitter               ; no        ;
+----------------+-------+----------+--------------+--------------+--------------+-----------------------+--------------------+--------+----------------+-----------------+----------+--------------+--------------+-------------+---------------------------+----------------------+-----------+


+------------------------------------------------------------------------------------------------------------------------------------------------------------------------------------------------------------------------------------------------------------------------------------------------------------------------------------------------------------------------------------------------------------------------------------------------------------------------------------------------+
; Output Pins                                                                                                                                                                                                                                                                                                                                                                                                                                                                                    ;
+-----------+-------+----------+--------------+--------------+--------------+-----------------+------------------------+-----------+-----------------+------------+---------------+----------+--------------+--------------+------------------+-----------------------------------+---------------------------+----------------------------+-----------------------------+---------------------+-----------------------------+----------------------+----------------------+---------------------+
; Name      ; Pin # ; I/O Bank ; X coordinate ; Y coordinate ; Z coordinate ; Output Register ; Output Enable Register ; Slew Rate ; PCI I/O Enabled ; Open Drain ; TRI Primitive ; Bus Hold ; Weak Pull Up ; I/O Standard ; Current Strength ; Termination                       ; Termination Control Block ; Output Buffer Pre-emphasis ; Voltage Output Differential ; Output Buffer Delay ; Output Buffer Delay Control ; Location assigned by ; Output Enable Source ; Output Enable Group ;
+-----------+-------+----------+--------------+--------------+--------------+-----------------+------------------------+-----------+-----------------+------------+---------------+----------+--------------+--------------+------------------+-----------------------------------+---------------------------+----------------------------+-----------------------------+---------------------+-----------------------------+----------------------+----------------------+---------------------+
; addr[0]   ; V20   ; 4A       ; 62           ; 0            ; 17           ; no              ; no                     ; 1         ; no              ; no         ; no            ; no       ; Off          ; 2.5 V        ; Default          ; Series 50 Ohm without Calibration ; --                        ; no                         ; no                          ; 0                   ; Off                         ; Fitter               ; -                    ; -                   ;
; addr[1]   ; Y21   ; 4A       ; 68           ; 0            ; 51           ; no              ; no                     ; 1         ; no              ; no         ; no            ; no       ; Off          ; 2.5 V        ; Default          ; Series 50 Ohm without Calibration ; --                        ; no                         ; no                          ; 0                   ; Off                         ; Fitter               ; -                    ; -                   ;
; addr[2]   ; Y19   ; 4A       ; 66           ; 0            ; 40           ; no              ; no                     ; 1         ; no              ; no         ; no            ; no       ; Off          ; 2.5 V        ; Default          ; Series 50 Ohm without Calibration ; --                        ; no                         ; no                          ; 0                   ; Off                         ; Fitter               ; -                    ; -                   ;
; addr[3]   ; AA19  ; 4A       ; 62           ; 0            ; 51           ; no              ; no                     ; 1         ; no              ; no         ; no            ; no       ; Off          ; 2.5 V        ; Default          ; Series 50 Ohm without Calibration ; --                        ; no                         ; no                          ; 0                   ; Off                         ; Fitter               ; -                    ; -                   ;
; addr[4]   ; Y20   ; 4A       ; 66           ; 0            ; 57           ; no              ; no                     ; 1         ; no              ; no         ; no            ; no       ; Off          ; 2.5 V        ; Default          ; Series 50 Ohm without Calibration ; --                        ; no                         ; no                          ; 0                   ; Off                         ; Fitter               ; -                    ; -                   ;
; data[0]   ; AB17  ; 4A       ; 56           ; 0            ; 51           ; no              ; no                     ; 1         ; no              ; no         ; no            ; no       ; Off          ; 2.5 V        ; Default          ; Series 50 Ohm without Calibration ; --                        ; no                         ; no                          ; 0                   ; Off                         ; Fitter               ; -                    ; -                   ;
; data[10]  ; AA22  ; 4A       ; 64           ; 0            ; 34           ; no              ; no                     ; 1         ; no              ; no         ; no            ; no       ; Off          ; 2.5 V        ; Default          ; Series 50 Ohm without Calibration ; --                        ; no                         ; no                          ; 0                   ; Off                         ; Fitter               ; -                    ; -                   ;
; data[11]  ; Y15   ; 4A       ; 54           ; 0            ; 0            ; no              ; no                     ; 1         ; no              ; no         ; no            ; no       ; Off          ; 2.5 V        ; Default          ; Series 50 Ohm without Calibration ; --                        ; no                         ; no                          ; 0                   ; Off                         ; Fitter               ; -                    ; -                   ;
; data[12]  ; Y22   ; 4A       ; 66           ; 0            ; 91           ; no              ; no                     ; 1         ; no              ; no         ; no            ; no       ; Off          ; 2.5 V        ; Default          ; Series 50 Ohm without Calibration ; --                        ; no                         ; no                          ; 0                   ; Off                         ; Fitter               ; -                    ; -                   ;
; data[13]  ; T17   ; 5A       ; 89           ; 4            ; 60           ; no              ; no                     ; 1         ; no              ; no         ; no            ; no       ; Off          ; 2.5 V        ; Default          ; Series 50 Ohm without Calibration ; --                        ; no                         ; no                          ; 0                   ; Off                         ; Fitter               ; -                    ; -                   ;
; data[14]  ; W16   ; 4A       ; 64           ; 0            ; 0            ; no              ; no                     ; 1         ; no              ; no         ; no            ; no       ; Off          ; 2.5 V        ; Default          ; Series 50 Ohm without Calibration ; --                        ; no                         ; no                          ; 0                   ; Off                         ; Fitter               ; -                    ; -                   ;
; data[15]  ; AA18  ; 4A       ; 60           ; 0            ; 34           ; no              ; no                     ; 1         ; no              ; no         ; no            ; no       ; Off          ; 2.5 V        ; Default          ; Series 50 Ohm without Calibration ; --                        ; no                         ; no                          ; 0                   ; Off                         ; Fitter               ; -                    ; -                   ;
; data[16]  ; W21   ; 4A       ; 68           ; 0            ; 34           ; no              ; no                     ; 1         ; no              ; no         ; no            ; no       ; Off          ; 2.5 V        ; Default          ; Series 50 Ohm without Calibration ; --                        ; no                         ; no                          ; 0                   ; Off                         ; Fitter               ; -                    ; -                   ;
; data[17]  ; V16   ; 4A       ; 64           ; 0            ; 17           ; no              ; no                     ; 1         ; no              ; no         ; no            ; no       ; Off          ; 2.5 V        ; Default          ; Series 50 Ohm without Calibration ; --                        ; no                         ; no                          ; 0                   ; Off                         ; Fitter               ; -                    ; -                   ;
; data[18]  ; T14   ; 4A       ; 60           ; 0            ; 17           ; no              ; no                     ; 1         ; no              ; no         ; no            ; no       ; Off          ; 2.5 V        ; Default          ; Series 50 Ohm without Calibration ; --                        ; no                         ; no                          ; 0                   ; Off                         ; Fitter               ; -                    ; -                   ;
; data[19]  ; AB20  ; 4A       ; 58           ; 0            ; 91           ; no              ; no                     ; 1         ; no              ; no         ; no            ; no       ; Off          ; 2.5 V        ; Default          ; Series 50 Ohm without Calibration ; --                        ; no                         ; no                          ; 0                   ; Off                         ; Fitter               ; -                    ; -                   ;
; data[1]   ; AA14  ; 4A       ; 52           ; 0            ; 51           ; no              ; no                     ; 1         ; no              ; no         ; no            ; no       ; Off          ; 2.5 V        ; Default          ; Series 50 Ohm without Calibration ; --                        ; no                         ; no                          ; 0                   ; Off                         ; Fitter               ; -                    ; -                   ;
; data[20]  ; AA13  ; 4A       ; 52           ; 0            ; 34           ; no              ; no                     ; 1         ; no              ; no         ; no            ; no       ; Off          ; 2.5 V        ; Default          ; Series 50 Ohm without Calibration ; --                        ; no                         ; no                          ; 0                   ; Off                         ; Fitter               ; -                    ; -                   ;
; data[21]  ; Y14   ; 4A       ; 54           ; 0            ; 17           ; no              ; no                     ; 1         ; no              ; no         ; no            ; no       ; Off          ; 2.5 V        ; Default          ; Series 50 Ohm without Calibration ; --                        ; no                         ; no                          ; 0                   ; Off                         ; Fitter               ; -                    ; -                   ;
; data[22]  ; AB12  ; 4A       ; 50           ; 0            ; 74           ; no              ; no                     ; 1         ; no              ; no         ; no            ; no       ; Off          ; 2.5 V        ; Default          ; Series 50 Ohm without Calibration ; --                        ; no                         ; no                          ; 0                   ; Off                         ; Fitter               ; -                    ; -                   ;
; data[23]  ; V15   ; 4A       ; 56           ; 0            ; 0            ; no              ; no                     ; 1         ; no              ; no         ; no            ; no       ; Off          ; 2.5 V        ; Default          ; Series 50 Ohm without Calibration ; --                        ; no                         ; no                          ; 0                   ; Off                         ; Fitter               ; -                    ; -                   ;
; data[24]  ; AB13  ; 4A       ; 50           ; 0            ; 91           ; no              ; no                     ; 1         ; no              ; no         ; no            ; no       ; Off          ; 2.5 V        ; Default          ; Series 50 Ohm without Calibration ; --                        ; no                         ; no                          ; 0                   ; Off                         ; Fitter               ; -                    ; -                   ;
; data[25]  ; AB18  ; 4A       ; 56           ; 0            ; 34           ; no              ; no                     ; 1         ; no              ; no         ; no            ; no       ; Off          ; 2.5 V        ; Default          ; Series 50 Ohm without Calibration ; --                        ; no                         ; no                          ; 0                   ; Off                         ; Fitter               ; -                    ; -                   ;
; data[26]  ; AA15  ; 4A       ; 54           ; 0            ; 34           ; no              ; no                     ; 1         ; no              ; no         ; no            ; no       ; Off          ; 2.5 V        ; Default          ; Series 50 Ohm without Calibration ; --                        ; no                         ; no                          ; 0                   ; Off                         ; Fitter               ; -                    ; -                   ;
; data[27]  ; AB15  ; 4A       ; 54           ; 0            ; 51           ; no              ; no                     ; 1         ; no              ; no         ; no            ; no       ; Off          ; 2.5 V        ; Default          ; Series 50 Ohm without Calibration ; --                        ; no                         ; no                          ; 0                   ; Off                         ; Fitter               ; -                    ; -                   ;
; data[28]  ; AA20  ; 4A       ; 62           ; 0            ; 34           ; no              ; no                     ; 1         ; no              ; no         ; no            ; no       ; Off          ; 2.5 V        ; Default          ; Series 50 Ohm without Calibration ; --                        ; no                         ; no                          ; 0                   ; Off                         ; Fitter               ; -                    ; -                   ;
; data[29]  ; Y16   ; 4A       ; 58           ; 0            ; 57           ; no              ; no                     ; 1         ; no              ; no         ; no            ; no       ; Off          ; 2.5 V        ; Default          ; Series 50 Ohm without Calibration ; --                        ; no                         ; no                          ; 0                   ; Off                         ; Fitter               ; -                    ; -                   ;
; data[2]   ; AB22  ; 4A       ; 64           ; 0            ; 51           ; no              ; no                     ; 1         ; no              ; no         ; no            ; no       ; Off          ; 2.5 V        ; Default          ; Series 50 Ohm without Calibration ; --                        ; no                         ; no                          ; 0                   ; Off                         ; Fitter               ; -                    ; -                   ;
; data[30]  ; V13   ; 4A       ; 50           ; 0            ; 57           ; no              ; no                     ; 1         ; no              ; no         ; no            ; no       ; Off          ; 2.5 V        ; Default          ; Series 50 Ohm without Calibration ; --                        ; no                         ; no                          ; 0                   ; Off                         ; Fitter               ; -                    ; -                   ;
; data[31]  ; W19   ; 4A       ; 62           ; 0            ; 0            ; no              ; no                     ; 1         ; no              ; no         ; no            ; no       ; Off          ; 2.5 V        ; Default          ; Series 50 Ohm without Calibration ; --                        ; no                         ; no                          ; 0                   ; Off                         ; Fitter               ; -                    ; -                   ;
; data[3]   ; N9    ; 3B       ; 40           ; 0            ; 0            ; no              ; no                     ; 1         ; no              ; no         ; no            ; no       ; Off          ; 2.5 V        ; Default          ; Series 50 Ohm without Calibration ; --                        ; no                         ; no                          ; 0                   ; Off                         ; Fitter               ; -                    ; -                   ;
; data[4]   ; P14   ; 4A       ; 68           ; 0            ; 17           ; no              ; no                     ; 1         ; no              ; no         ; no            ; no       ; Off          ; 2.5 V        ; Default          ; Series 50 Ohm without Calibration ; --                        ; no                         ; no                          ; 0                   ; Off                         ; Fitter               ; -                    ; -                   ;
; data[5]   ; V14   ; 4A       ; 56           ; 0            ; 17           ; no              ; no                     ; 1         ; no              ; no         ; no            ; no       ; Off          ; 2.5 V        ; Default          ; Series 50 Ohm without Calibration ; --                        ; no                         ; no                          ; 0                   ; Off                         ; Fitter               ; -                    ; -                   ;
; data[6]   ; T13   ; 4A       ; 52           ; 0            ; 0            ; no              ; no                     ; 1         ; no              ; no         ; no            ; no       ; Off          ; 2.5 V        ; Default          ; Series 50 Ohm without Calibration ; --                        ; no                         ; no                          ; 0                   ; Off                         ; Fitter               ; -                    ; -                   ;
; data[7]   ; W22   ; 4A       ; 66           ; 0            ; 74           ; no              ; no                     ; 1         ; no              ; no         ; no            ; no       ; Off          ; 2.5 V        ; Default          ; Series 50 Ohm without Calibration ; --                        ; no                         ; no                          ; 0                   ; Off                         ; Fitter               ; -                    ; -                   ;
; data[8]   ; Y17   ; 4A       ; 58           ; 0            ; 40           ; no              ; no                     ; 1         ; no              ; no         ; no            ; no       ; Off          ; 2.5 V        ; Default          ; Series 50 Ohm without Calibration ; --                        ; no                         ; no                          ; 0                   ; Off                         ; Fitter               ; -                    ; -                   ;
; data[9]   ; AA17  ; 4A       ; 60           ; 0            ; 51           ; no              ; no                     ; 1         ; no              ; no         ; no            ; no       ; Off          ; 2.5 V        ; Default          ; Series 50 Ohm without Calibration ; --                        ; no                         ; no                          ; 0                   ; Off                         ; Fitter               ; -                    ; -                   ;
; finished  ; U13   ; 4A       ; 50           ; 0            ; 40           ; no              ; no                     ; 1         ; no              ; no         ; no            ; no       ; Off          ; 2.5 V        ; Default          ; Series 50 Ohm without Calibration ; --                        ; no                         ; no                          ; 0                   ; Off                         ; Fitter               ; -                    ; -                   ;
; rd        ; P9    ; 3B       ; 40           ; 0            ; 17           ; no              ; no                     ; 1         ; no              ; no         ; no            ; no       ; Off          ; 2.5 V        ; Default          ; Series 50 Ohm without Calibration ; --                        ; no                         ; no                          ; 0                   ; Off                         ; Fitter               ; -                    ; -                   ;
; req_valid ; T12   ; 4A       ; 52           ; 0            ; 17           ; no              ; no                     ; 1         ; no              ; no         ; no            ; no       ; Off          ; 2.5 V        ; Default          ; Series 50 Ohm without Calibration ; --                        ; no                         ; no                          ; 0                   ; Off                         ; Fitter               ; -                    ; -                   ;
; we        ; Y11   ; 3B       ; 40           ; 0            ; 51           ; no              ; no                     ; 1         ; no              ; no         ; no            ; no       ; Off          ; 2.5 V        ; Default          ; Series 50 Ohm without Calibration ; --                        ; no                         ; no                          ; 0                   ; Off                         ; Fitter               ; -                    ; -                   ;
+-----------+-------+----------+--------------+--------------+--------------+-----------------+------------------------+-----------+-----------------+------------+---------------+----------+--------------+--------------+------------------+-----------------------------------+---------------------------+----------------------------+-----------------------------+---------------------+-----------------------------+----------------------+----------------------+---------------------+


+----------------------------------------------------------------------------+
; I/O Bank Usage                                                             ;
+----------+------------------+---------------+--------------+---------------+
; I/O Bank ; Usage            ; VCCIO Voltage ; VREF Voltage ; VCCPD Voltage ;
+----------+------------------+---------------+--------------+---------------+
; B2L      ; 0 / 0 ( -- )     ; --            ; --           ; --            ;
; B1L      ; 0 / 14 ( 0 % )   ; --            ; --           ; --            ;
; B0L      ; 0 / 14 ( 0 % )   ; --            ; --           ; --            ;
; 3A       ; 4 / 16 ( 25 % )  ; 2.5V          ; --           ; 2.5V          ;
; 3B       ; 6 / 32 ( 19 % )  ; 2.5V          ; --           ; 2.5V          ;
; 4A       ; 41 / 48 ( 85 % ) ; 2.5V          ; --           ; 2.5V          ;
; 5A       ; 4 / 16 ( 25 % )  ; 2.5V          ; --           ; 2.5V          ;
; 5B       ; 2 / 16 ( 13 % )  ; 2.5V          ; --           ; 2.5V          ;
; 7A       ; 14 / 80 ( 18 % ) ; 2.5V          ; --           ; 2.5V          ;
; 8A       ; 5 / 32 ( 16 % )  ; 2.5V          ; --           ; 2.5V          ;
+----------+------------------+---------------+--------------+---------------+


+-----------------------------------------------------------------------------------------------------------------------------------------------------------------------------+
; All Package Pins                                                                                                                                                            ;
+----------+------------+----------+---------------------------------+--------+--------------+---------------------+--------------+-----------------+----------+--------------+
; Location ; Pad Number ; I/O Bank ; Pin Name/Usage                  ; Dir.   ; I/O Standard ; Voltage             ; I/O Type     ; User Assignment ; Bus Hold ; Weak Pull Up ;
+----------+------------+----------+---------------------------------+--------+--------------+---------------------+--------------+-----------------+----------+--------------+
; A1       ;            ;          ; RREF                            ;        ;              ;                     ; --           ;                 ; --       ; --           ;
; A2       ; 538        ; 9A       ; ^MSEL2                          ;        ;              ;                     ; --           ;                 ; --       ; --           ;
; A3       ;            ; --       ; VCCBAT                          ; power  ;              ; 1.2V                ; --           ;                 ; --       ; --           ;
; A4       ; 540        ; 9A       ; ^nCONFIG                        ;        ;              ;                     ; --           ;                 ; --       ; --           ;
; A5       ; 466        ; 8A       ; RESERVED_INPUT_WITH_WEAK_PULLUP ;        ;              ;                     ; Column I/O   ;                 ; no       ; On           ;
; A6       ;            ; 8A       ; VCCIO8A                         ; power  ;              ; 2.5V                ; --           ;                 ; --       ; --           ;
; A7       ; 475        ; 8A       ; data_cache[16]                  ; input  ; 2.5 V        ;                     ; Column I/O   ; N               ; no       ; Off          ;
; A8       ; 473        ; 8A       ; RESERVED_INPUT_WITH_WEAK_PULLUP ;        ;              ;                     ; Column I/O   ;                 ; no       ; On           ;
; A9       ; 464        ; 8A       ; data_cache[10]                  ; input  ; 2.5 V        ;                     ; Column I/O   ; N               ; no       ; Off          ;
; A10      ; 462        ; 8A       ; RESERVED_INPUT_WITH_WEAK_PULLUP ;        ;              ;                     ; Column I/O   ;                 ; no       ; On           ;
; A11      ;            ;          ; GND                             ; gnd    ;              ;                     ; --           ;                 ; --       ; --           ;
; A12      ; 444        ; 7A       ; RESERVED_INPUT_WITH_WEAK_PULLUP ;        ;              ;                     ; Column I/O   ;                 ; no       ; On           ;
; A13      ; 432        ; 7A       ; data_cache[23]                  ; input  ; 2.5 V        ;                     ; Column I/O   ; N               ; no       ; Off          ;
; A14      ; 420        ; 7A       ; data_cache[18]                  ; input  ; 2.5 V        ;                     ; Column I/O   ; N               ; no       ; Off          ;
; A15      ; 418        ; 7A       ; RESERVED_INPUT_WITH_WEAK_PULLUP ;        ;              ;                     ; Column I/O   ;                 ; no       ; On           ;
; A16      ;            ; 7A       ; VCCIO7A                         ; power  ;              ; 2.5V                ; --           ;                 ; --       ; --           ;
; A17      ; 403        ; 7A       ; RESERVED_INPUT_WITH_WEAK_PULLUP ;        ;              ;                     ; Column I/O   ;                 ; no       ; On           ;
; A18      ; 401        ; 7A       ; data_cache[17]                  ; input  ; 2.5 V        ;                     ; Column I/O   ; N               ; no       ; Off          ;
; A19      ; 404        ; 7A       ; RESERVED_INPUT_WITH_WEAK_PULLUP ;        ;              ;                     ; Column I/O   ;                 ; no       ; On           ;
; A20      ; 402        ; 7A       ; data_cache[6]                   ; input  ; 2.5 V        ;                     ; Column I/O   ; N               ; no       ; Off          ;
; A21      ;            ;          ; GND                             ; gnd    ;              ;                     ; --           ;                 ; --       ; --           ;
; A22      ; 396        ; 7A       ; RESERVED_INPUT_WITH_WEAK_PULLUP ;        ;              ;                     ; Column I/O   ;                 ; no       ; On           ;
; AA1      ; 39         ; B0L      ; GND                             ;        ;              ;                     ; --           ;                 ; --       ; --           ;
; AA2      ; 38         ; B0L      ; GND                             ;        ;              ;                     ; --           ;                 ; --       ; --           ;
; AA3      ;            ;          ; GND                             ; gnd    ;              ;                     ; --           ;                 ; --       ; --           ;
; AA4      ;            ;          ; GND                             ; gnd    ;              ;                     ; --           ;                 ; --       ; --           ;
; AA5      ; 47         ; 3A       ; ^AS_DATA2, DATA2                ;        ;              ;                     ; Weak Pull Up ;                 ; --       ; On           ;
; AA6      ;            ;          ; GND                             ; gnd    ;              ;                     ; --           ;                 ; --       ; --           ;
; AA7      ; 105        ; 3B       ; RESERVED_INPUT_WITH_WEAK_PULLUP ;        ;              ;                     ; Column I/O   ;                 ; no       ; On           ;
; AA8      ; 108        ; 3B       ; RESERVED_INPUT_WITH_WEAK_PULLUP ;        ;              ;                     ; Column I/O   ;                 ; no       ; On           ;
; AA9      ; 115        ; 3B       ; RESERVED_INPUT_WITH_WEAK_PULLUP ;        ;              ;                     ; Column I/O   ;                 ; no       ; On           ;
; AA10     ; 113        ; 3B       ; RESERVED_INPUT_WITH_WEAK_PULLUP ;        ;              ;                     ; Column I/O   ;                 ; no       ; On           ;
; AA11     ;            ;          ; GND                             ; gnd    ;              ;                     ; --           ;                 ; --       ; --           ;
; AA12     ; 131        ; 3B       ; RESERVED_INPUT_WITH_WEAK_PULLUP ;        ;              ;                     ; Column I/O   ;                 ; no       ; On           ;
; AA13     ; 139        ; 4A       ; data[20]                        ; output ; 2.5 V        ;                     ; Column I/O   ; N               ; no       ; Off          ;
; AA14     ; 137        ; 4A       ; data[1]                         ; output ; 2.5 V        ;                     ; Column I/O   ; N               ; no       ; Off          ;
; AA15     ; 142        ; 4A       ; data[26]                        ; output ; 2.5 V        ;                     ; Column I/O   ; N               ; no       ; Off          ;
; AA16     ;            ; 4A       ; VCCIO4A                         ; power  ;              ; 2.5V                ; --           ;                 ; --       ; --           ;
; AA17     ; 153        ; 4A       ; data[9]                         ; output ; 2.5 V        ;                     ; Column I/O   ; N               ; no       ; Off          ;
; AA18     ; 155        ; 4A       ; data[15]                        ; output ; 2.5 V        ;                     ; Column I/O   ; N               ; no       ; Off          ;
; AA19     ; 156        ; 4A       ; addr[3]                         ; output ; 2.5 V        ;                     ; Column I/O   ; N               ; no       ; Off          ;
; AA20     ; 158        ; 4A       ; data[28]                        ; output ; 2.5 V        ;                     ; Column I/O   ; N               ; no       ; Off          ;
; AA21     ;            ; 4A       ; VCCIO4A                         ; power  ;              ; 2.5V                ; --           ;                 ; --       ; --           ;
; AA22     ; 163        ; 4A       ; data[10]                        ; output ; 2.5 V        ;                     ; Column I/O   ; N               ; no       ; Off          ;
; AB1      ;            ;          ; GND                             ; gnd    ;              ;                     ; --           ;                 ; --       ; --           ;
; AB2      ;            ;          ; GND                             ; gnd    ;              ;                     ; --           ;                 ; --       ; --           ;
; AB3      ; 49         ; 3A       ; ^AS_DATA1, DATA1                ;        ;              ;                     ; Weak Pull Up ;                 ; --       ; On           ;
; AB4      ; 51         ; 3A       ; ^AS_DATA0, ASDO, DATA0          ;        ;              ;                     ; Weak Pull Up ;                 ; --       ; On           ;
; AB5      ; 102        ; 3B       ; RESERVED_INPUT_WITH_WEAK_PULLUP ;        ;              ;                     ; Column I/O   ;                 ; no       ; On           ;
; AB6      ; 100        ; 3B       ; RESERVED_INPUT_WITH_WEAK_PULLUP ;        ;              ;                     ; Column I/O   ;                 ; no       ; On           ;
; AB7      ; 107        ; 3B       ; RESERVED_INPUT_WITH_WEAK_PULLUP ;        ;              ;                     ; Column I/O   ;                 ; no       ; On           ;
; AB8      ; 110        ; 3B       ; RESERVED_INPUT_WITH_WEAK_PULLUP ;        ;              ;                     ; Column I/O   ;                 ; no       ; On           ;
; AB9      ;            ;          ; GND                             ; gnd    ;              ;                     ; --           ;                 ; --       ; --           ;
; AB10     ; 124        ; 3B       ; RESERVED_INPUT_WITH_WEAK_PULLUP ;        ;              ;                     ; Column I/O   ;                 ; no       ; On           ;
; AB11     ; 126        ; 3B       ; RESERVED_INPUT_WITH_WEAK_PULLUP ;        ;              ;                     ; Column I/O   ;                 ; no       ; On           ;
; AB12     ; 134        ; 4A       ; data[22]                        ; output ; 2.5 V        ;                     ; Column I/O   ; N               ; no       ; Off          ;
; AB13     ; 132        ; 4A       ; data[24]                        ; output ; 2.5 V        ;                     ; Column I/O   ; N               ; no       ; Off          ;
; AB14     ;            ;          ; GND                             ; gnd    ;              ;                     ; --           ;                 ; --       ; --           ;
; AB15     ; 140        ; 4A       ; data[27]                        ; output ; 2.5 V        ;                     ; Column I/O   ; N               ; no       ; Off          ;
; AB16     ;            ; 4A       ; VREFB4AN0                       ; power  ;              ;                     ; --           ;                 ; --       ; --           ;
; AB17     ; 145        ; 4A       ; data[0]                         ; output ; 2.5 V        ;                     ; Column I/O   ; N               ; no       ; Off          ;
; AB18     ; 147        ; 4A       ; data[25]                        ; output ; 2.5 V        ;                     ; Column I/O   ; N               ; no       ; Off          ;
; AB19     ;            ;          ; GND                             ; gnd    ;              ;                     ; --           ;                 ; --       ; --           ;
; AB20     ; 148        ; 4A       ; data[19]                        ; output ; 2.5 V        ;                     ; Column I/O   ; N               ; no       ; Off          ;
; AB21     ; 150        ; 4A       ; stall_cache                     ; input  ; 2.5 V        ;                     ; Column I/O   ; N               ; no       ; Off          ;
; AB22     ; 161        ; 4A       ; data[2]                         ; output ; 2.5 V        ;                     ; Column I/O   ; N               ; no       ; Off          ;
; B1       ;            ;          ; GND                             ; gnd    ;              ;                     ; --           ;                 ; --       ; --           ;
; B2       ;            ;          ; GND                             ; gnd    ;              ;                     ; --           ;                 ; --       ; --           ;
; B3       ;            ;          ; DNU                             ;        ;              ;                     ; --           ;                 ; --       ; --           ;
; B4       ;            ;          ; DNU                             ;        ;              ;                     ; --           ;                 ; --       ; --           ;
; B5       ; 468        ; 8A       ; RESERVED_INPUT_WITH_WEAK_PULLUP ;        ;              ;                     ; Column I/O   ;                 ; no       ; On           ;
; B6       ; 470        ; 8A       ; RESERVED_INPUT_WITH_WEAK_PULLUP ;        ;              ;                     ; Column I/O   ;                 ; no       ; On           ;
; B7       ; 472        ; 8A       ; RESERVED_INPUT_WITH_WEAK_PULLUP ;        ;              ;                     ; Column I/O   ;                 ; no       ; On           ;
; B8       ;            ; 8A       ; VREFB8AN0                       ; power  ;              ;                     ; --           ;                 ; --       ; --           ;
; B9       ;            ;          ; GND                             ; gnd    ;              ;                     ; --           ;                 ; --       ; --           ;
; B10      ; 465        ; 8A       ; data_cache[30]                  ; input  ; 2.5 V        ;                     ; Column I/O   ; N               ; no       ; Off          ;
; B11      ; 452        ; 7A       ; RESERVED_INPUT_WITH_WEAK_PULLUP ;        ;              ;                     ; Column I/O   ;                 ; no       ; On           ;
; B12      ; 442        ; 7A       ; RESERVED_INPUT_WITH_WEAK_PULLUP ;        ;              ;                     ; Column I/O   ;                 ; no       ; On           ;
; B13      ; 430        ; 7A       ; RESERVED_INPUT_WITH_WEAK_PULLUP ;        ;              ;                     ; Column I/O   ;                 ; no       ; On           ;
; B14      ;            ;          ; GND                             ; gnd    ;              ;                     ; --           ;                 ; --       ; --           ;
; B15      ; 427        ; 7A       ; RESERVED_INPUT_WITH_WEAK_PULLUP ;        ;              ;                     ; Column I/O   ;                 ; no       ; On           ;
; B16      ; 406        ; 7A       ; RESERVED_INPUT_WITH_WEAK_PULLUP ;        ;              ;                     ; Column I/O   ;                 ; no       ; On           ;
; B17      ; 384        ; 7A       ; RESERVED_INPUT_WITH_WEAK_PULLUP ;        ;              ;                     ; Column I/O   ;                 ; no       ; On           ;
; B18      ; 382        ; 7A       ; RESERVED_INPUT_WITH_WEAK_PULLUP ;        ;              ;                     ; Column I/O   ;                 ; no       ; On           ;
; B19      ;            ; 7A       ; VCCIO7A                         ; power  ;              ; 2.5V                ; --           ;                 ; --       ; --           ;
; B20      ; 380        ; 7A       ; RESERVED_INPUT_WITH_WEAK_PULLUP ;        ;              ;                     ; Column I/O   ;                 ; no       ; On           ;
; B21      ; 387        ; 7A       ; data_cache[3]                   ; input  ; 2.5 V        ;                     ; Column I/O   ; N               ; no       ; Off          ;
; B22      ; 394        ; 7A       ; RESERVED_INPUT_WITH_WEAK_PULLUP ;        ;              ;                     ; Column I/O   ;                 ; no       ; On           ;
; C1       ; 19         ; B1L      ; GND                             ;        ;              ;                     ; --           ;                 ; --       ; --           ;
; C2       ; 18         ; B1L      ; GND                             ;        ;              ;                     ; --           ;                 ; --       ; --           ;
; C3       ;            ;          ; GND                             ; gnd    ;              ;                     ; --           ;                 ; --       ; --           ;
; C4       ;            ;          ; GND                             ; gnd    ;              ;                     ; --           ;                 ; --       ; --           ;
; C5       ; 542        ; 9A       ; ^GND                            ;        ;              ;                     ; --           ;                 ; --       ; --           ;
; C6       ; 474        ; 8A       ; RESERVED_INPUT_WITH_WEAK_PULLUP ;        ;              ;                     ; Column I/O   ;                 ; no       ; On           ;
; C7       ;            ; 8A       ; VCCIO8A                         ; power  ;              ; 2.5V                ; --           ;                 ; --       ; --           ;
; C8       ; 480        ; 8A       ; RESERVED_INPUT_WITH_WEAK_PULLUP ;        ;              ;                     ; Column I/O   ;                 ; no       ; On           ;
; C9       ; 467        ; 8A       ; RESERVED_INPUT_WITH_WEAK_PULLUP ;        ;              ;                     ; Column I/O   ;                 ; no       ; On           ;
; C10      ;            ; 7A, 8A   ; VCCPD7A8A                       ; power  ;              ; 2.5V                ; --           ;                 ; --       ; --           ;
; C11      ; 450        ; 7A       ; RESERVED_INPUT_WITH_WEAK_PULLUP ;        ;              ;                     ; Column I/O   ;                 ; no       ; On           ;
; C12      ;            ; 7A       ; VCCIO7A                         ; power  ;              ; 2.5V                ; --           ;                 ; --       ; --           ;
; C13      ; 443        ; 7A       ; RESERVED_INPUT_WITH_WEAK_PULLUP ;        ;              ;                     ; Column I/O   ;                 ; no       ; On           ;
; C14      ;            ; 7A       ; VREFB7AN0                       ; power  ;              ;                     ; --           ;                 ; --       ; --           ;
; C15      ; 425        ; 7A       ; RESERVED_INPUT_WITH_WEAK_PULLUP ;        ;              ;                     ; Column I/O   ;                 ; no       ; On           ;
; C16      ; 408        ; 7A       ; RESERVED_INPUT_WITH_WEAK_PULLUP ;        ;              ;                     ; Column I/O   ;                 ; no       ; On           ;
; C17      ;            ;          ; GND                             ; gnd    ;              ;                     ; --           ;                 ; --       ; --           ;
; C18      ; 395        ; 7A       ; RESERVED_INPUT_WITH_WEAK_PULLUP ;        ;              ;                     ; Column I/O   ;                 ; no       ; On           ;
; C19      ; 393        ; 7A       ; RESERVED_INPUT_WITH_WEAK_PULLUP ;        ;              ;                     ; Column I/O   ;                 ; no       ; On           ;
; C20      ; 378        ; 7A       ; RESERVED_INPUT_WITH_WEAK_PULLUP ;        ;              ;                     ; Column I/O   ;                 ; no       ; On           ;
; C21      ; 385        ; 7A       ; RESERVED_INPUT_WITH_WEAK_PULLUP ;        ;              ;                     ; Column I/O   ;                 ; no       ; On           ;
; C22      ;            ; 7A       ; VCCIO7A                         ; power  ;              ; 2.5V                ; --           ;                 ; --       ; --           ;
; D1       ;            ;          ; GND                             ; gnd    ;              ;                     ; --           ;                 ; --       ; --           ;
; D2       ;            ;          ; GND                             ; gnd    ;              ;                     ; --           ;                 ; --       ; --           ;
; D3       ; 16         ; B1L      ; GXB_NC                          ;        ;              ;                     ; --           ;                 ; --       ; --           ;
; D4       ; 17         ; B1L      ; GXB_NC                          ;        ;              ;                     ; --           ;                 ; --       ; --           ;
; D5       ;            ;          ; GND                             ; gnd    ;              ;                     ; --           ;                 ; --       ; --           ;
; D6       ; 476        ; 8A       ; RESERVED_INPUT_WITH_WEAK_PULLUP ;        ;              ;                     ; Column I/O   ;                 ; no       ; On           ;
; D7       ; 478        ; 8A       ; RESERVED_INPUT_WITH_WEAK_PULLUP ;        ;              ;                     ; Column I/O   ;                 ; no       ; On           ;
; D8       ;            ; 7A, 8A   ; VCCPD7A8A                       ; power  ;              ; 2.5V                ; --           ;                 ; --       ; --           ;
; D9       ; 479        ; 8A       ; data_cache[21]                  ; input  ; 2.5 V        ;                     ; Column I/O   ; N               ; no       ; Off          ;
; D10      ;            ;          ; GND                             ; gnd    ;              ;                     ; --           ;                 ; --       ; --           ;
; D11      ;            ; --       ; VCC_AUX                         ; power  ;              ; 2.5V                ; --           ;                 ; --       ; --           ;
; D12      ; 449        ; 7A       ; RESERVED_INPUT_WITH_WEAK_PULLUP ;        ;              ;                     ; Column I/O   ;                 ; no       ; On           ;
; D13      ; 441        ; 7A       ; RESERVED_INPUT_WITH_WEAK_PULLUP ;        ;              ;                     ; Column I/O   ;                 ; no       ; On           ;
; D14      ;            ; 7A, 8A   ; VCCPD7A8A                       ; power  ;              ; 2.5V                ; --           ;                 ; --       ; --           ;
; D15      ;            ; 7A       ; VCCIO7A                         ; power  ;              ; 2.5V                ; --           ;                 ; --       ; --           ;
; D16      ;            ; 7A, 8A   ; VCCPD7A8A                       ; power  ;              ; 2.5V                ; --           ;                 ; --       ; --           ;
; D17      ; 409        ; 7A       ; RESERVED_INPUT_WITH_WEAK_PULLUP ;        ;              ;                     ; Column I/O   ;                 ; no       ; On           ;
; D18      ;            ; --       ; VCC_AUX                         ; power  ;              ; 2.5V                ; --           ;                 ; --       ; --           ;
; D19      ; 379        ; 7A       ; RESERVED_INPUT_WITH_WEAK_PULLUP ;        ;              ;                     ; Column I/O   ;                 ; no       ; On           ;
; D20      ;            ;          ; GND                             ; gnd    ;              ;                     ; --           ;                 ; --       ; --           ;
; D21      ; 376        ; 7A       ; data_cache[9]                   ; input  ; 2.5 V        ;                     ; Column I/O   ; N               ; no       ; Off          ;
; D22      ; 392        ; 7A       ; RESERVED_INPUT_WITH_WEAK_PULLUP ;        ;              ;                     ; Column I/O   ;                 ; no       ; On           ;
; E1       ; 20         ; B1L      ; GXB_NC                          ;        ;              ;                     ; --           ;                 ; --       ; --           ;
; E2       ; 21         ; B1L      ; GXB_NC                          ;        ;              ;                     ; --           ;                 ; --       ; --           ;
; E3       ;            ;          ; GND                             ; gnd    ;              ;                     ; --           ;                 ; --       ; --           ;
; E4       ;            ;          ; GND                             ; gnd    ;              ;                     ; --           ;                 ; --       ; --           ;
; E5       ; 539        ; 9A       ; ^MSEL3                          ;        ;              ;                     ; --           ;                 ; --       ; --           ;
; E6       ;            ; --       ; VCC_AUX                         ; power  ;              ; 2.5V                ; --           ;                 ; --       ; --           ;
; E7       ; 484        ; 8A       ; RESERVED_INPUT_WITH_WEAK_PULLUP ;        ;              ;                     ; Column I/O   ;                 ; no       ; On           ;
; E8       ;            ; 8A       ; VCCIO8A                         ; power  ;              ; 2.5V                ; --           ;                 ; --       ; --           ;
; E9       ; 477        ; 8A       ; RESERVED_INPUT_WITH_WEAK_PULLUP ;        ;              ;                     ; Column I/O   ;                 ; no       ; On           ;
; E10      ; 469        ; 8A       ; RESERVED_INPUT_WITH_WEAK_PULLUP ;        ;              ;                     ; Column I/O   ;                 ; no       ; On           ;
; E11      ;            ; 7A, 8A   ; VCCPD7A8A                       ; power  ;              ; 2.5V                ; --           ;                 ; --       ; --           ;
; E12      ; 451        ; 7A       ; RESERVED_INPUT_WITH_WEAK_PULLUP ;        ;              ;                     ; Column I/O   ;                 ; no       ; On           ;
; E13      ;            ;          ; GND                             ; gnd    ;              ;                     ; --           ;                 ; --       ; --           ;
; E14      ; 433        ; 7A       ; RESERVED_INPUT_WITH_WEAK_PULLUP ;        ;              ;                     ; Column I/O   ;                 ; no       ; On           ;
; E15      ; 417        ; 7A       ; RESERVED_INPUT_WITH_WEAK_PULLUP ;        ;              ;                     ; Column I/O   ;                 ; no       ; On           ;
; E16      ; 411        ; 7A       ; RESERVED_INPUT_WITH_WEAK_PULLUP ;        ;              ;                     ; Column I/O   ;                 ; no       ; On           ;
; E17      ;            ;          ; DNU                             ;        ;              ;                     ; --           ;                 ; --       ; --           ;
; E18      ;            ; 7A       ; VCCIO7A                         ; power  ;              ; 2.5V                ; --           ;                 ; --       ; --           ;
; E19      ; 377        ; 7A       ; RESERVED_INPUT_WITH_WEAK_PULLUP ;        ;              ;                     ; Column I/O   ;                 ; no       ; On           ;
; E20      ; 398        ; 7A       ; RESERVED_INPUT_WITH_WEAK_PULLUP ;        ;              ;                     ; Column I/O   ;                 ; no       ; On           ;
; E21      ; 374        ; 7A       ; RESERVED_INPUT_WITH_WEAK_PULLUP ;        ;              ;                     ; Column I/O   ;                 ; no       ; On           ;
; E22      ; 390        ; 7A       ; RESERVED_INPUT_WITH_WEAK_PULLUP ;        ;              ;                     ; Column I/O   ;                 ; no       ; On           ;
; F1       ;            ;          ; GND                             ; gnd    ;              ;                     ; --           ;                 ; --       ; --           ;
; F2       ;            ;          ; GND                             ; gnd    ;              ;                     ; --           ;                 ; --       ; --           ;
; F3       ; 541        ; 9A       ; ^MSEL4                          ;        ;              ;                     ; --           ;                 ; --       ; --           ;
; F4       ;            ; --       ; VCCA_FPLL                       ; power  ;              ; 2.5V                ; --           ;                 ; --       ; --           ;
; F5       ; 14         ; B1L      ; GND                             ;        ;              ;                     ; Row I/O      ;                 ; --       ; --           ;
; F6       ;            ;          ; GND                             ; gnd    ;              ;                     ; --           ;                 ; --       ; --           ;
; F7       ; 482        ; 8A       ; RESERVED_INPUT_WITH_WEAK_PULLUP ;        ;              ;                     ; Column I/O   ;                 ; no       ; On           ;
; F8       ;            ; --       ; VCCPGM                          ; power  ;              ; 1.8V/2.5V/3.0V/3.3V ; --           ;                 ; --       ; --           ;
; F9       ; 471        ; 8A       ; RESERVED_INPUT_WITH_WEAK_PULLUP ;        ;              ;                     ; Column I/O   ;                 ; no       ; On           ;
; F10      ; 455        ; 8A       ; RESERVED_INPUT_WITH_WEAK_PULLUP ;        ;              ;                     ; Column I/O   ;                 ; no       ; On           ;
; F11      ;            ; 7A       ; VCCIO7A                         ; power  ;              ; 2.5V                ; --           ;                 ; --       ; --           ;
; F12      ; 440        ; 7A       ; data_cache[0]                   ; input  ; 2.5 V        ;                     ; Column I/O   ; N               ; no       ; Off          ;
; F13      ; 435        ; 7A       ; RESERVED_INPUT_WITH_WEAK_PULLUP ;        ;              ;                     ; Column I/O   ;                 ; no       ; On           ;
; F14      ; 428        ; 7A       ; RESERVED_INPUT_WITH_WEAK_PULLUP ;        ;              ;                     ; Column I/O   ;                 ; no       ; On           ;
; F15      ; 419        ; 7A       ; RESERVED_INPUT_WITH_WEAK_PULLUP ;        ;              ;                     ; Column I/O   ;                 ; no       ; On           ;
; F16      ;            ;          ; GND                             ; gnd    ;              ;                     ; --           ;                 ; --       ; --           ;
; F17      ; 372        ; 7A       ; ^GND                            ;        ;              ;                     ; --           ;                 ; --       ; --           ;
; F18      ; 399        ; 7A       ; RESERVED_INPUT_WITH_WEAK_PULLUP ;        ;              ;                     ; Column I/O   ;                 ; no       ; On           ;
; F19      ; 397        ; 7A       ; RESERVED_INPUT_WITH_WEAK_PULLUP ;        ;              ;                     ; Column I/O   ;                 ; no       ; On           ;
; F20      ; 400        ; 7A       ; RESERVED_INPUT_WITH_WEAK_PULLUP ;        ;              ;                     ; Column I/O   ;                 ; no       ; On           ;
; F21      ;            ; 7A       ; VCCIO7A                         ; power  ;              ; 2.5V                ; --           ;                 ; --       ; --           ;
; F22      ; 388        ; 7A       ; data_cache[13]                  ; input  ; 2.5 V        ;                     ; Column I/O   ; N               ; no       ; Off          ;
; G1       ; 23         ; B1L      ; GND                             ;        ;              ;                     ; --           ;                 ; --       ; --           ;
; G2       ; 22         ; B1L      ; GND                             ;        ;              ;                     ; --           ;                 ; --       ; --           ;
; G3       ;            ;          ; GND                             ; gnd    ;              ;                     ; --           ;                 ; --       ; --           ;
; G4       ; 15         ; B1L      ; GND                             ;        ;              ;                     ; Row I/O      ;                 ; --       ; --           ;
; G5       ; 537        ; 9A       ; ^nCE                            ;        ;              ;                     ; --           ;                 ; --       ; --           ;
; G6       ; 481        ; 8A       ; RESERVED_INPUT_WITH_WEAK_PULLUP ;        ;              ;                     ; Column I/O   ;                 ; no       ; On           ;
; G7       ;            ; 8A       ; VCCIO8A                         ; power  ;              ; 2.5V                ; --           ;                 ; --       ; --           ;
; G8       ; 460        ; 8A       ; RESERVED_INPUT_WITH_WEAK_PULLUP ;        ;              ;                     ; Column I/O   ;                 ; no       ; On           ;
; G9       ;            ;          ; GND                             ; gnd    ;              ;                     ; --           ;                 ; --       ; --           ;
; G10      ; 453        ; 8A       ; RESERVED_INPUT_WITH_WEAK_PULLUP ;        ;              ;                     ; Column I/O   ;                 ; no       ; On           ;
; G11      ; 438        ; 7A       ; RESERVED_INPUT_WITH_WEAK_PULLUP ;        ;              ;                     ; Column I/O   ;                 ; no       ; On           ;
; G12      ; 447        ; 7A       ; RESERVED_INPUT_WITH_WEAK_PULLUP ;        ;              ;                     ; Column I/O   ;                 ; no       ; On           ;
; G13      ; 439        ; 7A       ; RESERVED_INPUT_WITH_WEAK_PULLUP ;        ;              ;                     ; Column I/O   ;                 ; no       ; On           ;
; G14      ;            ; 7A       ; VCCIO7A                         ; power  ;              ; 2.5V                ; --           ;                 ; --       ; --           ;
; G15      ; 426        ; 7A       ; RESERVED_INPUT_WITH_WEAK_PULLUP ;        ;              ;                     ; Column I/O   ;                 ; no       ; On           ;
; G16      ; 412        ; 7A       ; data_cache[25]                  ; input  ; 2.5 V        ;                     ; Column I/O   ; N               ; no       ; Off          ;
; G17      ; 410        ; 7A       ; RESERVED_INPUT_WITH_WEAK_PULLUP ;        ;              ;                     ; Column I/O   ;                 ; no       ; On           ;
; G18      ; 413        ; 7A       ; RESERVED_INPUT_WITH_WEAK_PULLUP ;        ;              ;                     ; Column I/O   ;                 ; no       ; On           ;
; G19      ;            ;          ; GND                             ; gnd    ;              ;                     ; --           ;                 ; --       ; --           ;
; G20      ; 389        ; 7A       ; RESERVED_INPUT_WITH_WEAK_PULLUP ;        ;              ;                     ; Column I/O   ;                 ; no       ; On           ;
; G21      ; 375        ; 7A       ; RESERVED_INPUT_WITH_WEAK_PULLUP ;        ;              ;                     ; Column I/O   ;                 ; no       ; On           ;
; G22      ; 386        ; 7A       ; RESERVED_INPUT_WITH_WEAK_PULLUP ;        ;              ;                     ; Column I/O   ;                 ; no       ; On           ;
; H1       ;            ;          ; GND                             ; gnd    ;              ;                     ; --           ;                 ; --       ; --           ;
; H2       ;            ;          ; GND                             ; gnd    ;              ;                     ; --           ;                 ; --       ; --           ;
; H3       ;            ;          ; GND                             ; gnd    ;              ;                     ; --           ;                 ; --       ; --           ;
; H4       ;            ;          ; GND                             ; gnd    ;              ;                     ; --           ;                 ; --       ; --           ;
; H5       ; 536        ; 9A       ; ^nSTATUS                        ;        ;              ;                     ; --           ;                 ; --       ; --           ;
; H6       ; 483        ; 8A       ; data_cache[5]                   ; input  ; 2.5 V        ;                     ; Column I/O   ; N               ; no       ; Off          ;
; H7       ;            ;          ; GND                             ; gnd    ;              ;                     ; --           ;                 ; --       ; --           ;
; H8       ; 458        ; 8A       ; RESERVED_INPUT_WITH_WEAK_PULLUP ;        ;              ;                     ; Column I/O   ;                 ; no       ; On           ;
; H9       ; 463        ; 8A       ; RESERVED_INPUT_WITH_WEAK_PULLUP ;        ;              ;                     ; Column I/O   ;                 ; no       ; On           ;
; H10      ; 436        ; 7A       ; data_cache[24]                  ; input  ; 2.5 V        ;                     ; Column I/O   ; N               ; no       ; Off          ;
; H11      ; 445        ; 7A       ; data_cache[29]                  ; input  ; 2.5 V        ;                     ; Column I/O   ; N               ; no       ; Off          ;
; H12      ;            ;          ; GND                             ; gnd    ;              ;                     ; --           ;                 ; --       ; --           ;
; H13      ; 437        ; 7A       ; data_cache[14]                  ; input  ; 2.5 V        ;                     ; Column I/O   ; N               ; no       ; Off          ;
; H14      ; 429        ; 7A       ; data_cache[31]                  ; input  ; 2.5 V        ;                     ; Column I/O   ; N               ; no       ; Off          ;
; H15      ; 423        ; 7A       ; RESERVED_INPUT_WITH_WEAK_PULLUP ;        ;              ;                     ; Column I/O   ;                 ; no       ; On           ;
; H16      ; 421        ; 7A       ; RESERVED_INPUT_WITH_WEAK_PULLUP ;        ;              ;                     ; Column I/O   ;                 ; no       ; On           ;
; H17      ;            ; 7A       ; VCCIO7A                         ; power  ;              ; 2.5V                ; --           ;                 ; --       ; --           ;
; H18      ; 415        ; 7A       ; RESERVED_INPUT_WITH_WEAK_PULLUP ;        ;              ;                     ; Column I/O   ;                 ; no       ; On           ;
; H19      ;            ; --       ; VCCA_FPLL                       ; power  ;              ; 2.5V                ; --           ;                 ; --       ; --           ;
; H20      ; 391        ; 7A       ; RESERVED_INPUT_WITH_WEAK_PULLUP ;        ;              ;                     ; Column I/O   ;                 ; no       ; On           ;
; H21      ; 373        ; 7A       ; RESERVED_INPUT_WITH_WEAK_PULLUP ;        ;              ;                     ; Column I/O   ;                 ; no       ; On           ;
; H22      ;            ;          ; GND                             ; gnd    ;              ;                     ; --           ;                 ; --       ; --           ;
; J1       ; 24         ; B1L      ; GXB_NC                          ;        ;              ;                     ; --           ;                 ; --       ; --           ;
; J2       ; 25         ; B1L      ; GXB_NC                          ;        ;              ;                     ; --           ;                 ; --       ; --           ;
; J3       ;            ;          ; GND                             ; gnd    ;              ;                     ; --           ;                 ; --       ; --           ;
; J4       ;            ; --       ; VCCE_GXBL                       ; power  ;              ; 1.1V                ; --           ;                 ; --       ; --           ;
; J5       ;            ;          ; GND                             ; gnd    ;              ;                     ; --           ;                 ; --       ; --           ;
; J6       ; 535        ; 9A       ; ^MSEL1                          ;        ;              ;                     ; --           ;                 ; --       ; --           ;
; J7       ; 457        ; 8A       ; RESERVED_INPUT_WITH_WEAK_PULLUP ;        ;              ;                     ; Column I/O   ;                 ; no       ; On           ;
; J8       ; 459        ; 8A       ; RESERVED_INPUT_WITH_WEAK_PULLUP ;        ;              ;                     ; Column I/O   ;                 ; no       ; On           ;
; J9       ; 461        ; 8A       ; RESERVED_INPUT_WITH_WEAK_PULLUP ;        ;              ;                     ; Column I/O   ;                 ; no       ; On           ;
; J10      ;            ; --       ; VCC                             ; power  ;              ; 1.1V                ; --           ;                 ; --       ; --           ;
; J11      ; 434        ; 7A       ; RESERVED_INPUT_WITH_WEAK_PULLUP ;        ;              ;                     ; Column I/O   ;                 ; no       ; On           ;
; J12      ;            ; --       ; VCC                             ; power  ;              ; 1.1V                ; --           ;                 ; --       ; --           ;
; J13      ; 431        ; 7A       ; RESERVED_INPUT_WITH_WEAK_PULLUP ;        ;              ;                     ; Column I/O   ;                 ; no       ; On           ;
; J14      ;            ; --       ; VCC                             ; power  ;              ; 1.1V                ; --           ;                 ; --       ; --           ;
; J15      ;            ;          ; GND                             ; gnd    ;              ;                     ; --           ;                 ; --       ; --           ;
; J16      ;            ; --       ; VCC                             ; power  ;              ; 1.1V                ; --           ;                 ; --       ; --           ;
; J17      ; 422        ; 7A       ; RESERVED_INPUT_WITH_WEAK_PULLUP ;        ;              ;                     ; Column I/O   ;                 ; no       ; On           ;
; J18      ; 416        ; 7A       ; RESERVED_INPUT_WITH_WEAK_PULLUP ;        ;              ;                     ; Column I/O   ;                 ; no       ; On           ;
; J19      ; 414        ; 7A       ; data_cache[22]                  ; input  ; 2.5 V        ;                     ; Column I/O   ; N               ; no       ; Off          ;
; J20      ;            ;          ; GND                             ; gnd    ;              ;                     ; --           ;                 ; --       ; --           ;
; J21      ; 381        ; 7A       ; RESERVED_INPUT_WITH_WEAK_PULLUP ;        ;              ;                     ; Column I/O   ;                 ; no       ; On           ;
; J22      ; 383        ; 7A       ; RESERVED_INPUT_WITH_WEAK_PULLUP ;        ;              ;                     ; Column I/O   ;                 ; no       ; On           ;
; K1       ;            ;          ; GND                             ; gnd    ;              ;                     ; --           ;                 ; --       ; --           ;
; K2       ;            ;          ; GND                             ; gnd    ;              ;                     ; --           ;                 ; --       ; --           ;
; K3       ;            ; --       ; VCCL_GXBL                       ; power  ;              ; 1.1V                ; --           ;                 ; --       ; --           ;
; K4       ;            ;          ; GND                             ; gnd    ;              ;                     ; --           ;                 ; --       ; --           ;
; K5       ;            ; --       ; VCCE_GXBL                       ; power  ;              ; 1.1V                ; --           ;                 ; --       ; --           ;
; K6       ; 534        ; 9A       ; ^CONF_DONE                      ;        ;              ;                     ; --           ;                 ; --       ; --           ;
; K7       ; 456        ; 8A       ; RESERVED_INPUT_WITH_WEAK_PULLUP ;        ;              ;                     ; Column I/O   ;                 ; no       ; On           ;
; K8       ;            ;          ; GND                             ; gnd    ;              ;                     ; --           ;                 ; --       ; --           ;
; K9       ; 448        ; 7A       ; RESERVED_INPUT_WITH_WEAK_PULLUP ;        ;              ;                     ; Column I/O   ;                 ; no       ; On           ;
; K10      ;            ;          ; GND                             ; gnd    ;              ;                     ; --           ;                 ; --       ; --           ;
; K11      ;            ; --       ; VCC                             ; power  ;              ; 1.1V                ; --           ;                 ; --       ; --           ;
; K12      ;            ;          ; GND                             ; gnd    ;              ;                     ; --           ;                 ; --       ; --           ;
; K13      ;            ; --       ; VCC                             ; power  ;              ; 1.1V                ; --           ;                 ; --       ; --           ;
; K14      ;            ;          ; GND                             ; gnd    ;              ;                     ; --           ;                 ; --       ; --           ;
; K15      ;            ; --       ; VCC                             ; power  ;              ; 1.1V                ; --           ;                 ; --       ; --           ;
; K16      ; 424        ; 7A       ; RESERVED_INPUT_WITH_WEAK_PULLUP ;        ;              ;                     ; Column I/O   ;                 ; no       ; On           ;
; K17      ; 284        ; 5B       ; RESERVED_INPUT_WITH_WEAK_PULLUP ;        ;              ;                     ; Row I/O      ;                 ; no       ; On           ;
; K18      ;            ; 5B       ; VCCIO5B                         ; power  ;              ; 2.5V                ; --           ;                 ; --       ; --           ;
; K19      ; 407        ; 7A       ; RESERVED_INPUT_WITH_WEAK_PULLUP ;        ;              ;                     ; Column I/O   ;                 ; no       ; On           ;
; K20      ; 405        ; 7A       ; RESERVED_INPUT_WITH_WEAK_PULLUP ;        ;              ;                     ; Column I/O   ;                 ; no       ; On           ;
; K21      ; 289        ; 5B       ; RESERVED_INPUT_WITH_WEAK_PULLUP ;        ;              ;                     ; Row I/O      ;                 ; no       ; On           ;
; K22      ; 291        ; 5B       ; RESERVED_INPUT_WITH_WEAK_PULLUP ;        ;              ;                     ; Row I/O      ;                 ; no       ; On           ;
; L1       ; 27         ; B1L      ; GND                             ;        ;              ;                     ; --           ;                 ; --       ; --           ;
; L2       ; 26         ; B1L      ; GND                             ;        ;              ;                     ; --           ;                 ; --       ; --           ;
; L3       ;            ;          ; GND                             ; gnd    ;              ;                     ; --           ;                 ; --       ; --           ;
; L4       ;            ; --       ; VCCE_GXBL                       ; power  ;              ; 1.1V                ; --           ;                 ; --       ; --           ;
; L5       ;            ;          ; GND                             ; gnd    ;              ;                     ; --           ;                 ; --       ; --           ;
; L6       ; 533        ; 9A       ; ^MSEL0                          ;        ;              ;                     ; --           ;                 ; --       ; --           ;
; L7       ; 454        ; 8A       ; RESERVED_INPUT_WITH_WEAK_PULLUP ;        ;              ;                     ; Column I/O   ;                 ; no       ; On           ;
; L8       ; 446        ; 7A       ; RESERVED_INPUT_WITH_WEAK_PULLUP ;        ;              ;                     ; Column I/O   ;                 ; no       ; On           ;
; L9       ;            ;          ; DNU                             ;        ;              ;                     ; --           ;                 ; --       ; --           ;
; L10      ;            ; --       ; VCC                             ; power  ;              ; 1.1V                ; --           ;                 ; --       ; --           ;
; L11      ;            ;          ; GND                             ; gnd    ;              ;                     ; --           ;                 ; --       ; --           ;
; L12      ;            ; --       ; VCC                             ; power  ;              ; 1.1V                ; --           ;                 ; --       ; --           ;
; L13      ;            ;          ; GND                             ; gnd    ;              ;                     ; --           ;                 ; --       ; --           ;
; L14      ;            ; --       ; VCC                             ; power  ;              ; 1.1V                ; --           ;                 ; --       ; --           ;
; L15      ;            ;          ; GND                             ; gnd    ;              ;                     ; --           ;                 ; --       ; --           ;
; L16      ;            ; --       ; VCC                             ; power  ;              ; 1.1V                ; --           ;                 ; --       ; --           ;
; L17      ; 286        ; 5B       ; RESERVED_INPUT_WITH_WEAK_PULLUP ;        ;              ;                     ; Row I/O      ;                 ; no       ; On           ;
; L18      ; 290        ; 5B       ; RESERVED_INPUT_WITH_WEAK_PULLUP ;        ;              ;                     ; Row I/O      ;                 ; no       ; On           ;
; L19      ; 288        ; 5B       ; data_cache[27]                  ; input  ; 2.5 V        ;                     ; Row I/O      ; N               ; no       ; Off          ;
; L20      ;            ; 5B       ; VREFB5BN0                       ; power  ;              ;                     ; --           ;                 ; --       ; --           ;
; L21      ;            ;          ; GND                             ; gnd    ;              ;                     ; --           ;                 ; --       ; --           ;
; L22      ; 283        ; 5B       ; RESERVED_INPUT_WITH_WEAK_PULLUP ;        ;              ;                     ; Row I/O      ;                 ; no       ; On           ;
; M1       ;            ;          ; GND                             ; gnd    ;              ;                     ; --           ;                 ; --       ; --           ;
; M2       ;            ;          ; GND                             ; gnd    ;              ;                     ; --           ;                 ; --       ; --           ;
; M3       ;            ; --       ; VCCH_GXBL                       ; power  ;              ; 2.5V                ; --           ;                 ; --       ; --           ;
; M4       ;            ;          ; GND                             ; gnd    ;              ;                     ; --           ;                 ; --       ; --           ;
; M5       ; 42         ; 3A       ; #TDO                            ; output ;              ;                     ; --           ;                 ; --       ; --           ;
; M6       ; 64         ; 3A       ; RESERVED_INPUT_WITH_WEAK_PULLUP ;        ;              ;                     ; Column I/O   ;                 ; no       ; On           ;
; M7       ; 66         ; 3A       ; RESERVED_INPUT_WITH_WEAK_PULLUP ;        ;              ;                     ; Column I/O   ;                 ; no       ; On           ;
; M8       ; 112        ; 3B       ; RESERVED_INPUT_WITH_WEAK_PULLUP ;        ;              ;                     ; Column I/O   ;                 ; no       ; On           ;
; M9       ; 114        ; 3B       ; RESERVED_INPUT_WITH_WEAK_PULLUP ;        ;              ;                     ; Column I/O   ;                 ; no       ; On           ;
; M10      ;            ;          ; GND                             ; gnd    ;              ;                     ; --           ;                 ; --       ; --           ;
; M11      ;            ; --       ; VCC                             ; power  ;              ; 1.1V                ; --           ;                 ; --       ; --           ;
; M12      ;            ;          ; GND                             ; gnd    ;              ;                     ; --           ;                 ; --       ; --           ;
; M13      ;            ; --       ; VCC                             ; power  ;              ; 1.1V                ; --           ;                 ; --       ; --           ;
; M14      ;            ;          ; GND                             ; gnd    ;              ;                     ; --           ;                 ; --       ; --           ;
; M15      ;            ; --       ; VCC                             ; power  ;              ; 1.1V                ; --           ;                 ; --       ; --           ;
; M16      ; 278        ; 5B       ; clk                             ; input  ; 2.5 V        ;                     ; Row I/O      ; N               ; no       ; Off          ;
; M17      ;            ; 5B       ; VCCPD5B                         ; power  ;              ; 2.5V                ; --           ;                 ; --       ; --           ;
; M18      ; 282        ; 5B       ; RESERVED_INPUT_WITH_WEAK_PULLUP ;        ;              ;                     ; Row I/O      ;                 ; no       ; On           ;
; M19      ;            ; 5B       ; VCCIO5B                         ; power  ;              ; 2.5V                ; --           ;                 ; --       ; --           ;
; M20      ; 285        ; 5B       ; RESERVED_INPUT_WITH_WEAK_PULLUP ;        ;              ;                     ; Row I/O      ;                 ; no       ; On           ;
; M21      ; 287        ; 5B       ; RESERVED_INPUT_WITH_WEAK_PULLUP ;        ;              ;                     ; Row I/O      ;                 ; no       ; On           ;
; M22      ; 281        ; 5B       ; RESERVED_INPUT_WITH_WEAK_PULLUP ;        ;              ;                     ; Row I/O      ;                 ; no       ; On           ;
; N1       ; 28         ; B0L      ; GXB_NC                          ;        ;              ;                     ; --           ;                 ; --       ; --           ;
; N2       ; 29         ; B0L      ; GXB_NC                          ;        ;              ;                     ; --           ;                 ; --       ; --           ;
; N3       ;            ;          ; GND                             ; gnd    ;              ;                     ; --           ;                 ; --       ; --           ;
; N4       ;            ; --       ; VCCE_GXBL                       ; power  ;              ; 1.1V                ; --           ;                 ; --       ; --           ;
; N5       ;            ;          ; GND                             ; gnd    ;              ;                     ; --           ;                 ; --       ; --           ;
; N6       ; 58         ; 3A       ; data_cache[12]                  ; input  ; 2.5 V        ;                     ; Column I/O   ; N               ; no       ; Off          ;
; N7       ;            ;          ; GND                             ; gnd    ;              ;                     ; --           ;                 ; --       ; --           ;
; N8       ; 106        ; 3B       ; RESERVED_INPUT_WITH_WEAK_PULLUP ;        ;              ;                     ; Column I/O   ;                 ; no       ; On           ;
; N9       ; 130        ; 3B       ; data[3]                         ; output ; 2.5 V        ;                     ; Column I/O   ; N               ; no       ; Off          ;
; N10      ;            ; --       ; VCC                             ; power  ;              ; 1.1V                ; --           ;                 ; --       ; --           ;
; N11      ;            ;          ; GND                             ; gnd    ;              ;                     ; --           ;                 ; --       ; --           ;
; N12      ;            ; --       ; VCC                             ; power  ;              ; 1.1V                ; --           ;                 ; --       ; --           ;
; N13      ;            ;          ; GND                             ; gnd    ;              ;                     ; --           ;                 ; --       ; --           ;
; N14      ;            ; --       ; VCC                             ; power  ;              ; 1.1V                ; --           ;                 ; --       ; --           ;
; N15      ;            ;          ; GND                             ; gnd    ;              ;                     ; --           ;                 ; --       ; --           ;
; N16      ; 276        ; 5B       ; RESERVED_INPUT_WITH_WEAK_PULLUP ;        ;              ;                     ; Row I/O      ;                 ; no       ; On           ;
; N17      ;            ;          ; GND                             ; gnd    ;              ;                     ; --           ;                 ; --       ; --           ;
; N18      ;            ; 5B       ; VCCPD5B                         ; power  ;              ; 2.5V                ; --           ;                 ; --       ; --           ;
; N19      ; 280        ; 5B       ; RESERVED_INPUT_WITH_WEAK_PULLUP ;        ;              ;                     ; Row I/O      ;                 ; no       ; On           ;
; N20      ; 277        ; 5B       ; RESERVED_INPUT_WITH_WEAK_PULLUP ;        ;              ;                     ; Row I/O      ;                 ; no       ; On           ;
; N21      ; 279        ; 5B       ; RESERVED_INPUT_WITH_WEAK_PULLUP ;        ;              ;                     ; Row I/O      ;                 ; no       ; On           ;
; N22      ;            ;          ; GND                             ; gnd    ;              ;                     ; --           ;                 ; --       ; --           ;
; P1       ;            ;          ; GND                             ; gnd    ;              ;                     ; --           ;                 ; --       ; --           ;
; P2       ;            ;          ; GND                             ; gnd    ;              ;                     ; --           ;                 ; --       ; --           ;
; P3       ;            ; --       ; VCCL_GXBL                       ; power  ;              ; 1.1V                ; --           ;                 ; --       ; --           ;
; P4       ;            ;          ; GND                             ; gnd    ;              ;                     ; --           ;                 ; --       ; --           ;
; P5       ; 44         ; 3A       ; #TMS                            ; input  ;              ;                     ; --           ;                 ; --       ; --           ;
; P6       ; 56         ; 3A       ; RESERVED_INPUT_WITH_WEAK_PULLUP ;        ;              ;                     ; Column I/O   ;                 ; no       ; On           ;
; P7       ; 67         ; 3A       ; RESERVED_INPUT_WITH_WEAK_PULLUP ;        ;              ;                     ; Column I/O   ;                 ; no       ; On           ;
; P8       ; 104        ; 3B       ; RESERVED_INPUT_WITH_WEAK_PULLUP ;        ;              ;                     ; Column I/O   ;                 ; no       ; On           ;
; P9       ; 128        ; 3B       ; rd                              ; output ; 2.5 V        ;                     ; Column I/O   ; N               ; no       ; Off          ;
; P10      ;            ;          ; GND                             ; gnd    ;              ;                     ; --           ;                 ; --       ; --           ;
; P11      ;            ; --       ; VCC                             ; power  ;              ; 1.1V                ; --           ;                 ; --       ; --           ;
; P12      ; 123        ; 3B       ; RESERVED_INPUT_WITH_WEAK_PULLUP ;        ;              ;                     ; Column I/O   ;                 ; no       ; On           ;
; P13      ;            ; --       ; VCC                             ; power  ;              ; 1.1V                ; --           ;                 ; --       ; --           ;
; P14      ; 168        ; 4A       ; data[4]                         ; output ; 2.5 V        ;                     ; Column I/O   ; N               ; no       ; Off          ;
; P15      ;            ; --       ; VCC                             ; power  ;              ; 1.1V                ; --           ;                 ; --       ; --           ;
; P16      ; 225        ; 5A       ; RESERVED_INPUT_WITH_WEAK_PULLUP ;        ;              ;                     ; Row I/O      ;                 ; no       ; On           ;
; P17      ; 227        ; 5A       ; data_cache[11]                  ; input  ; 2.5 V        ;                     ; Row I/O      ; N               ; no       ; Off          ;
; P18      ; 226        ; 5A       ; RESERVED_INPUT_WITH_WEAK_PULLUP ;        ;              ;                     ; Row I/O      ;                 ; no       ; On           ;
; P19      ; 224        ; 5A       ; RESERVED_INPUT_WITH_WEAK_PULLUP ;        ;              ;                     ; Row I/O      ;                 ; no       ; On           ;
; P20      ;            ; 5A       ; VCCIO5A                         ; power  ;              ; 2.5V                ; --           ;                 ; --       ; --           ;
; P21      ;            ; 5A       ; VCCPD5A                         ; power  ;              ; 2.5V                ; --           ;                 ; --       ; --           ;
; P22      ; 222        ; 5A       ; data_cache[15]                  ; input  ; 2.5 V        ;                     ; Row I/O      ; N               ; no       ; Off          ;
; R1       ; 31         ; B0L      ; GND                             ;        ;              ;                     ; --           ;                 ; --       ; --           ;
; R2       ; 30         ; B0L      ; GND                             ;        ;              ;                     ; --           ;                 ; --       ; --           ;
; R3       ;            ;          ; GND                             ; gnd    ;              ;                     ; --           ;                 ; --       ; --           ;
; R4       ; 43         ; 3A       ; ^nCSO, DATA4                    ;        ;              ;                     ; Weak Pull Up ;                 ; --       ; On           ;
; R5       ; 54         ; 3A       ; RESERVED_INPUT_WITH_WEAK_PULLUP ;        ;              ;                     ; Column I/O   ;                 ; no       ; On           ;
; R6       ; 52         ; 3A       ; RESERVED_INPUT_WITH_WEAK_PULLUP ;        ;              ;                     ; Column I/O   ;                 ; no       ; On           ;
; R7       ; 65         ; 3A       ; data_cache[4]                   ; input  ; 2.5 V        ;                     ; Column I/O   ; N               ; no       ; Off          ;
; R8       ;            ; 3B       ; VCCIO3B                         ; power  ;              ; 2.5V                ; --           ;                 ; --       ; --           ;
; R9       ; 119        ; 3B       ; RESERVED_INPUT_WITH_WEAK_PULLUP ;        ;              ;                     ; Column I/O   ;                 ; no       ; On           ;
; R10      ; 125        ; 3B       ; RESERVED_INPUT_WITH_WEAK_PULLUP ;        ;              ;                     ; Column I/O   ;                 ; no       ; On           ;
; R11      ; 127        ; 3B       ; RESERVED_INPUT_WITH_WEAK_PULLUP ;        ;              ;                     ; Column I/O   ;                 ; no       ; On           ;
; R12      ; 121        ; 3B       ; RESERVED_INPUT_WITH_WEAK_PULLUP ;        ;              ;                     ; Column I/O   ;                 ; no       ; On           ;
; R13      ;            ;          ; GND                             ; gnd    ;              ;                     ; --           ;                 ; --       ; --           ;
; R14      ; 170        ; 4A       ; RESERVED_INPUT_WITH_WEAK_PULLUP ;        ;              ;                     ; Column I/O   ;                 ; no       ; On           ;
; R15      ; 219        ; 5A       ; RESERVED_INPUT_WITH_WEAK_PULLUP ;        ;              ;                     ; Row I/O      ;                 ; no       ; On           ;
; R16      ; 221        ; 5A       ; RESERVED_INPUT_WITH_WEAK_PULLUP ;        ;              ;                     ; Row I/O      ;                 ; no       ; On           ;
; R17      ; 223        ; 5A       ; RESERVED_INPUT_WITH_WEAK_PULLUP ;        ;              ;                     ; Row I/O      ;                 ; no       ; On           ;
; R18      ;            ; 5A       ; VCCIO5A                         ; power  ;              ; 2.5V                ; --           ;                 ; --       ; --           ;
; R19      ;            ; --       ; VCCPGM                          ; power  ;              ; 1.8V/2.5V/3.0V/3.3V ; --           ;                 ; --       ; --           ;
; R20      ;            ; 5A       ; VREFB5AN0                       ; power  ;              ;                     ; --           ;                 ; --       ; --           ;
; R21      ; 220        ; 5A       ; data_cache[7]                   ; input  ; 2.5 V        ;                     ; Row I/O      ; N               ; no       ; Off          ;
; R22      ; 218        ; 5A       ; RESERVED_INPUT_WITH_WEAK_PULLUP ;        ;              ;                     ; Row I/O      ;                 ; no       ; On           ;
; T1       ;            ;          ; GND                             ; gnd    ;              ;                     ; --           ;                 ; --       ; --           ;
; T2       ;            ;          ; GND                             ; gnd    ;              ;                     ; --           ;                 ; --       ; --           ;
; T3       ;            ; --       ; VCCH_GXBL                       ; power  ;              ; 2.5V                ; --           ;                 ; --       ; --           ;
; T4       ; 45         ; 3A       ; ^AS_DATA3, DATA3                ;        ;              ;                     ; Weak Pull Up ;                 ; --       ; On           ;
; T5       ;            ; --       ; VCCA_FPLL                       ; power  ;              ; 2.5V                ; --           ;                 ; --       ; --           ;
; T6       ;            ; 3A       ; VCCIO3A                         ; power  ;              ; 2.5V                ; --           ;                 ; --       ; --           ;
; T7       ; 60         ; 3A       ; RESERVED_INPUT_WITH_WEAK_PULLUP ;        ;              ;                     ; Column I/O   ;                 ; no       ; On           ;
; T8       ; 62         ; 3A       ; RESERVED_INPUT_WITH_WEAK_PULLUP ;        ;              ;                     ; Column I/O   ;                 ; no       ; On           ;
; T9       ; 109        ; 3B       ; data_cache[1]                   ; input  ; 2.5 V        ;                     ; Column I/O   ; N               ; no       ; Off          ;
; T10      ; 117        ; 3B       ; RESERVED_INPUT_WITH_WEAK_PULLUP ;        ;              ;                     ; Column I/O   ;                 ; no       ; On           ;
; T11      ;            ; 3B       ; VCCIO3B                         ; power  ;              ; 2.5V                ; --           ;                 ; --       ; --           ;
; T12      ; 136        ; 4A       ; req_valid                       ; output ; 2.5 V        ;                     ; Column I/O   ; N               ; no       ; Off          ;
; T13      ; 138        ; 4A       ; data[6]                         ; output ; 2.5 V        ;                     ; Column I/O   ; N               ; no       ; Off          ;
; T14      ; 152        ; 4A       ; data[18]                        ; output ; 2.5 V        ;                     ; Column I/O   ; N               ; no       ; Off          ;
; T15      ; 217        ; 5A       ; RESERVED_INPUT_WITH_WEAK_PULLUP ;        ;              ;                     ; Row I/O      ;                 ; no       ; On           ;
; T16      ;            ;          ; GND                             ; gnd    ;              ;                     ; --           ;                 ; --       ; --           ;
; T17      ; 215        ; 5A       ; data[13]                        ; output ; 2.5 V        ;                     ; Row I/O      ; N               ; no       ; Off          ;
; T18      ; 213        ; 5A       ; RESERVED_INPUT_WITH_WEAK_PULLUP ;        ;              ;                     ; Row I/O      ;                 ; no       ; On           ;
; T19      ; 212        ; 5A       ; RESERVED_INPUT_WITH_WEAK_PULLUP ;        ;              ;                     ; Row I/O      ;                 ; no       ; On           ;
; T20      ; 214        ; 5A       ; RESERVED_INPUT_WITH_WEAK_PULLUP ;        ;              ;                     ; Row I/O      ;                 ; no       ; On           ;
; T21      ;            ;          ; GND                             ; gnd    ;              ;                     ; --           ;                 ; --       ; --           ;
; T22      ; 216        ; 5A       ; RESERVED_INPUT_WITH_WEAK_PULLUP ;        ;              ;                     ; Row I/O      ;                 ; no       ; On           ;
; U1       ; 32         ; B0L      ; GXB_NC                          ;        ;              ;                     ; --           ;                 ; --       ; --           ;
; U2       ; 33         ; B0L      ; GXB_NC                          ;        ;              ;                     ; --           ;                 ; --       ; --           ;
; U3       ;            ;          ; GND                             ; gnd    ;              ;                     ; --           ;                 ; --       ; --           ;
; U4       ; 41         ; B0L      ; GND                             ;        ;              ;                     ; Row I/O      ;                 ; --       ; --           ;
; U5       ;            ;          ; GND                             ; gnd    ;              ;                     ; --           ;                 ; --       ; --           ;
; U6       ; 61         ; 3A       ; data_cache[26]                  ; input  ; 2.5 V        ;                     ; Column I/O   ; N               ; no       ; Off          ;
; U7       ; 53         ; 3A       ; RESERVED_INPUT_WITH_WEAK_PULLUP ;        ;              ;                     ; Column I/O   ;                 ; no       ; On           ;
; U8       ; 55         ; 3A       ; RESERVED_INPUT_WITH_WEAK_PULLUP ;        ;              ;                     ; Column I/O   ;                 ; no       ; On           ;
; U9       ;            ;          ; GND                             ; gnd    ;              ;                     ; --           ;                 ; --       ; --           ;
; U10      ; 111        ; 3B       ; RESERVED_INPUT_WITH_WEAK_PULLUP ;        ;              ;                     ; Column I/O   ;                 ; no       ; On           ;
; U11      ; 120        ; 3B       ; RESERVED_INPUT_WITH_WEAK_PULLUP ;        ;              ;                     ; Column I/O   ;                 ; no       ; On           ;
; U12      ; 122        ; 3B       ; data_cache[2]                   ; input  ; 2.5 V        ;                     ; Column I/O   ; N               ; no       ; Off          ;
; U13      ; 135        ; 4A       ; finished                        ; output ; 2.5 V        ;                     ; Column I/O   ; N               ; no       ; Off          ;
; U14      ;            ; 4A       ; VCCIO4A                         ; power  ;              ; 2.5V                ; --           ;                 ; --       ; --           ;
; U15      ; 154        ; 4A       ; rst                             ; input  ; 2.5 V        ;                     ; Column I/O   ; N               ; no       ; Off          ;
; U16      ; 176        ; 4A       ; RESERVED_INPUT_WITH_WEAK_PULLUP ;        ;              ;                     ; Column I/O   ;                 ; no       ; On           ;
; U17      ; 178        ; 4A       ; data_cache[28]                  ; input  ; 2.5 V        ;                     ; Column I/O   ; N               ; no       ; Off          ;
; U18      ;            ; --       ; VCCA_FPLL                       ; power  ;              ; 2.5V                ; --           ;                 ; --       ; --           ;
; U19      ;            ; 4A       ; VCCIO4A                         ; power  ;              ; 2.5V                ; --           ;                 ; --       ; --           ;
; U20      ; 179        ; 4A       ; RESERVED_INPUT_WITH_WEAK_PULLUP ;        ;              ;                     ; Column I/O   ;                 ; no       ; On           ;
; U21      ; 177        ; 4A       ; RESERVED_INPUT_WITH_WEAK_PULLUP ;        ;              ;                     ; Column I/O   ;                 ; no       ; On           ;
; U22      ; 172        ; 4A       ; RESERVED_INPUT_WITH_WEAK_PULLUP ;        ;              ;                     ; Column I/O   ;                 ; no       ; On           ;
; V1       ;            ;          ; GND                             ; gnd    ;              ;                     ; --           ;                 ; --       ; --           ;
; V2       ;            ;          ; GND                             ; gnd    ;              ;                     ; --           ;                 ; --       ; --           ;
; V3       ; 50         ; 3A       ; ^DCLK                           ;        ;              ;                     ; Weak Pull Up ;                 ; --       ; On           ;
; V4       ; 40         ; B0L      ; GND                             ;        ;              ;                     ; Row I/O      ;                 ; --       ; --           ;
; V5       ; 46         ; 3A       ; #TCK                            ; input  ;              ;                     ; --           ;                 ; --       ; --           ;
; V6       ; 63         ; 3A       ; RESERVED_INPUT_WITH_WEAK_PULLUP ;        ;              ;                     ; Column I/O   ;                 ; no       ; On           ;
; V7       ;            ;          ; GND                             ; gnd    ;              ;                     ; --           ;                 ; --       ; --           ;
; V8       ;            ; --       ; VCCPGM                          ; power  ;              ; 1.8V/2.5V/3.0V/3.3V ; --           ;                 ; --       ; --           ;
; V9       ; 101        ; 3B       ; RESERVED_INPUT_WITH_WEAK_PULLUP ;        ;              ;                     ; Column I/O   ;                 ; no       ; On           ;
; V10      ; 103        ; 3B       ; RESERVED_INPUT_WITH_WEAK_PULLUP ;        ;              ;                     ; Column I/O   ;                 ; no       ; On           ;
; V11      ;            ;          ; DNU                             ;        ;              ;                     ; --           ;                 ; --       ; --           ;
; V12      ;            ;          ; GND                             ; gnd    ;              ;                     ; --           ;                 ; --       ; --           ;
; V13      ; 133        ; 4A       ; data[30]                        ; output ; 2.5 V        ;                     ; Column I/O   ; N               ; no       ; Off          ;
; V14      ; 144        ; 4A       ; data[5]                         ; output ; 2.5 V        ;                     ; Column I/O   ; N               ; no       ; Off          ;
; V15      ; 146        ; 4A       ; data[23]                        ; output ; 2.5 V        ;                     ; Column I/O   ; N               ; no       ; Off          ;
; V16      ; 160        ; 4A       ; data[17]                        ; output ; 2.5 V        ;                     ; Column I/O   ; N               ; no       ; Off          ;
; V17      ;            ;          ; GND                             ; gnd    ;              ;                     ; --           ;                 ; --       ; --           ;
; V18      ; 175        ; 4A       ; RESERVED_INPUT_WITH_WEAK_PULLUP ;        ;              ;                     ; Column I/O   ;                 ; no       ; On           ;
; V19      ; 173        ; 4A       ; RESERVED_INPUT_WITH_WEAK_PULLUP ;        ;              ;                     ; Column I/O   ;                 ; no       ; On           ;
; V20      ; 157        ; 4A       ; addr[0]                         ; output ; 2.5 V        ;                     ; Column I/O   ; N               ; no       ; Off          ;
; V21      ; 174        ; 4A       ; data_cache[20]                  ; input  ; 2.5 V        ;                     ; Column I/O   ; N               ; no       ; Off          ;
; V22      ;            ;          ; GND                             ; gnd    ;              ;                     ; --           ;                 ; --       ; --           ;
; W1       ; 35         ; B0L      ; GND                             ;        ;              ;                     ; --           ;                 ; --       ; --           ;
; W2       ; 34         ; B0L      ; GND                             ;        ;              ;                     ; --           ;                 ; --       ; --           ;
; W3       ;            ;          ; GND                             ; gnd    ;              ;                     ; --           ;                 ; --       ; --           ;
; W4       ;            ;          ; GND                             ; gnd    ;              ;                     ; --           ;                 ; --       ; --           ;
; W5       ; 48         ; 3A       ; #TDI                            ; input  ;              ;                     ; --           ;                 ; --       ; --           ;
; W6       ;            ; 3A       ; VCCPD3A                         ; power  ;              ; 2.5V                ; --           ;                 ; --       ; --           ;
; W7       ;            ; --       ; VCC_AUX                         ; power  ;              ; 2.5V                ; --           ;                 ; --       ; --           ;
; W8       ; 57         ; 3A       ; data_cache[8]                   ; input  ; 2.5 V        ;                     ; Column I/O   ; N               ; no       ; Off          ;
; W9       ; 59         ; 3A       ; RESERVED_INPUT_WITH_WEAK_PULLUP ;        ;              ;                     ; Column I/O   ;                 ; no       ; On           ;
; W10      ;            ; 3B       ; VCCIO3B                         ; power  ;              ; 2.5V                ; --           ;                 ; --       ; --           ;
; W11      ;            ; 3B, 4A   ; VCCPD3B4A                       ; power  ;              ; 2.5V                ; --           ;                 ; --       ; --           ;
; W12      ;            ; 3B, 4A   ; VCCPD3B4A                       ; power  ;              ; 2.5V                ; --           ;                 ; --       ; --           ;
; W13      ;            ; --       ; VCC_AUX                         ; power  ;              ; 2.5V                ; --           ;                 ; --       ; --           ;
; W14      ;            ; 3B, 4A   ; VCCPD3B4A                       ; power  ;              ; 2.5V                ; --           ;                 ; --       ; --           ;
; W15      ;            ; 4A       ; VCCIO4A                         ; power  ;              ; 2.5V                ; --           ;                 ; --       ; --           ;
; W16      ; 162        ; 4A       ; data[14]                        ; output ; 2.5 V        ;                     ; Column I/O   ; N               ; no       ; Off          ;
; W17      ;            ; 3B, 4A   ; VCCPD3B4A                       ; power  ;              ; 2.5V                ; --           ;                 ; --       ; --           ;
; W18      ;            ; --       ; VCC_AUX                         ; power  ;              ; 2.5V                ; --           ;                 ; --       ; --           ;
; W19      ; 159        ; 4A       ; data[31]                        ; output ; 2.5 V        ;                     ; Column I/O   ; N               ; no       ; Off          ;
; W20      ;            ; 4A       ; VCCIO4A                         ; power  ;              ; 2.5V                ; --           ;                 ; --       ; --           ;
; W21      ; 171        ; 4A       ; data[16]                        ; output ; 2.5 V        ;                     ; Column I/O   ; N               ; no       ; Off          ;
; W22      ; 166        ; 4A       ; data[7]                         ; output ; 2.5 V        ;                     ; Column I/O   ; N               ; no       ; Off          ;
; Y1       ;            ;          ; GND                             ; gnd    ;              ;                     ; --           ;                 ; --       ; --           ;
; Y2       ;            ;          ; GND                             ; gnd    ;              ;                     ; --           ;                 ; --       ; --           ;
; Y3       ; 36         ; B0L      ; GXB_NC                          ;        ;              ;                     ; --           ;                 ; --       ; --           ;
; Y4       ; 37         ; B0L      ; GXB_NC                          ;        ;              ;                     ; --           ;                 ; --       ; --           ;
; Y5       ;            ;          ; GND                             ; gnd    ;              ;                     ; --           ;                 ; --       ; --           ;
; Y6       ;            ;          ; DNU                             ;        ;              ;                     ; --           ;                 ; --       ; --           ;
; Y7       ;            ; 3A       ; VREFB3AN0                       ; power  ;              ;                     ; --           ;                 ; --       ; --           ;
; Y8       ;            ; 3A       ; VCCIO3A                         ; power  ;              ; 2.5V                ; --           ;                 ; --       ; --           ;
; Y9       ; 118        ; 3B       ; data_cache[19]                  ; input  ; 2.5 V        ;                     ; Column I/O   ; N               ; no       ; Off          ;
; Y10      ; 116        ; 3B       ; RESERVED_INPUT_WITH_WEAK_PULLUP ;        ;              ;                     ; Column I/O   ;                 ; no       ; On           ;
; Y11      ; 129        ; 3B       ; we                              ; output ; 2.5 V        ;                     ; Column I/O   ; N               ; no       ; Off          ;
; Y12      ;            ; 3B       ; VREFB3BN0                       ; power  ;              ;                     ; --           ;                 ; --       ; --           ;
; Y13      ;            ; 3B       ; VCCIO3B                         ; power  ;              ; 2.5V                ; --           ;                 ; --       ; --           ;
; Y14      ; 141        ; 4A       ; data[21]                        ; output ; 2.5 V        ;                     ; Column I/O   ; N               ; no       ; Off          ;
; Y15      ; 143        ; 4A       ; data[11]                        ; output ; 2.5 V        ;                     ; Column I/O   ; N               ; no       ; Off          ;
; Y16      ; 149        ; 4A       ; data[29]                        ; output ; 2.5 V        ;                     ; Column I/O   ; N               ; no       ; Off          ;
; Y17      ; 151        ; 4A       ; data[8]                         ; output ; 2.5 V        ;                     ; Column I/O   ; N               ; no       ; Off          ;
; Y18      ;            ;          ; GND                             ; gnd    ;              ;                     ; --           ;                 ; --       ; --           ;
; Y19      ; 167        ; 4A       ; addr[2]                         ; output ; 2.5 V        ;                     ; Column I/O   ; N               ; no       ; Off          ;
; Y20      ; 165        ; 4A       ; addr[4]                         ; output ; 2.5 V        ;                     ; Column I/O   ; N               ; no       ; Off          ;
; Y21      ; 169        ; 4A       ; addr[1]                         ; output ; 2.5 V        ;                     ; Column I/O   ; N               ; no       ; Off          ;
; Y22      ; 164        ; 4A       ; data[12]                        ; output ; 2.5 V        ;                     ; Column I/O   ; N               ; no       ; Off          ;
+----------+------------+----------+---------------------------------+--------+--------------+---------------------+--------------+-----------------+----------+--------------+
Note: Pin directions (input, output or bidir) are based on device operating in user mode.


+------------------------------------------------+
; I/O Assignment Warnings                        ;
+----------------+-------------------------------+
; Pin Name       ; Reason                        ;
+----------------+-------------------------------+
; data_cache[0]  ; Incomplete set of assignments ;
; data_cache[1]  ; Incomplete set of assignments ;
; data_cache[2]  ; Incomplete set of assignments ;
; data_cache[3]  ; Incomplete set of assignments ;
; data_cache[4]  ; Incomplete set of assignments ;
; data_cache[5]  ; Incomplete set of assignments ;
; data_cache[6]  ; Incomplete set of assignments ;
; data_cache[7]  ; Incomplete set of assignments ;
; data_cache[8]  ; Incomplete set of assignments ;
; data_cache[9]  ; Incomplete set of assignments ;
; data_cache[10] ; Incomplete set of assignments ;
; data_cache[11] ; Incomplete set of assignments ;
; data_cache[12] ; Incomplete set of assignments ;
; data_cache[13] ; Incomplete set of assignments ;
; data_cache[14] ; Incomplete set of assignments ;
; data_cache[15] ; Incomplete set of assignments ;
; data_cache[16] ; Incomplete set of assignments ;
; data_cache[17] ; Incomplete set of assignments ;
; data_cache[18] ; Incomplete set of assignments ;
; data_cache[19] ; Incomplete set of assignments ;
; data_cache[20] ; Incomplete set of assignments ;
; data_cache[21] ; Incomplete set of assignments ;
; data_cache[22] ; Incomplete set of assignments ;
; data_cache[23] ; Incomplete set of assignments ;
; data_cache[24] ; Incomplete set of assignments ;
; data_cache[25] ; Incomplete set of assignments ;
; data_cache[26] ; Incomplete set of assignments ;
; data_cache[27] ; Incomplete set of assignments ;
; data_cache[28] ; Incomplete set of assignments ;
; data_cache[29] ; Incomplete set of assignments ;
; data_cache[30] ; Incomplete set of assignments ;
; data_cache[31] ; Incomplete set of assignments ;
; req_valid      ; Incomplete set of assignments ;
; rd             ; Incomplete set of assignments ;
; we             ; Incomplete set of assignments ;
; addr[0]        ; Incomplete set of assignments ;
; addr[1]        ; Incomplete set of assignments ;
; addr[2]        ; Incomplete set of assignments ;
; addr[3]        ; Incomplete set of assignments ;
; addr[4]        ; Incomplete set of assignments ;
; data[0]        ; Incomplete set of assignments ;
; data[1]        ; Incomplete set of assignments ;
; data[2]        ; Incomplete set of assignments ;
; data[3]        ; Incomplete set of assignments ;
; data[4]        ; Incomplete set of assignments ;
; data[5]        ; Incomplete set of assignments ;
; data[6]        ; Incomplete set of assignments ;
; data[7]        ; Incomplete set of assignments ;
; data[8]        ; Incomplete set of assignments ;
; data[9]        ; Incomplete set of assignments ;
; data[10]       ; Incomplete set of assignments ;
; data[11]       ; Incomplete set of assignments ;
; data[12]       ; Incomplete set of assignments ;
; data[13]       ; Incomplete set of assignments ;
; data[14]       ; Incomplete set of assignments ;
; data[15]       ; Incomplete set of assignments ;
; data[16]       ; Incomplete set of assignments ;
; data[17]       ; Incomplete set of assignments ;
; data[18]       ; Incomplete set of assignments ;
; data[19]       ; Incomplete set of assignments ;
; data[20]       ; Incomplete set of assignments ;
; data[21]       ; Incomplete set of assignments ;
; data[22]       ; Incomplete set of assignments ;
; data[23]       ; Incomplete set of assignments ;
; data[24]       ; Incomplete set of assignments ;
; data[25]       ; Incomplete set of assignments ;
; data[26]       ; Incomplete set of assignments ;
; data[27]       ; Incomplete set of assignments ;
; data[28]       ; Incomplete set of assignments ;
; data[29]       ; Incomplete set of assignments ;
; data[30]       ; Incomplete set of assignments ;
; data[31]       ; Incomplete set of assignments ;
; finished       ; Incomplete set of assignments ;
; clk            ; Incomplete set of assignments ;
; rst            ; Incomplete set of assignments ;
; stall_cache    ; Incomplete set of assignments ;
; data_cache[0]  ; Missing location assignment   ;
; data_cache[1]  ; Missing location assignment   ;
; data_cache[2]  ; Missing location assignment   ;
; data_cache[3]  ; Missing location assignment   ;
; data_cache[4]  ; Missing location assignment   ;
; data_cache[5]  ; Missing location assignment   ;
; data_cache[6]  ; Missing location assignment   ;
; data_cache[7]  ; Missing location assignment   ;
; data_cache[8]  ; Missing location assignment   ;
; data_cache[9]  ; Missing location assignment   ;
; data_cache[10] ; Missing location assignment   ;
; data_cache[11] ; Missing location assignment   ;
; data_cache[12] ; Missing location assignment   ;
; data_cache[13] ; Missing location assignment   ;
; data_cache[14] ; Missing location assignment   ;
; data_cache[15] ; Missing location assignment   ;
; data_cache[16] ; Missing location assignment   ;
; data_cache[17] ; Missing location assignment   ;
; data_cache[18] ; Missing location assignment   ;
; data_cache[19] ; Missing location assignment   ;
; data_cache[20] ; Missing location assignment   ;
; data_cache[21] ; Missing location assignment   ;
; data_cache[22] ; Missing location assignment   ;
; data_cache[23] ; Missing location assignment   ;
; data_cache[24] ; Missing location assignment   ;
; data_cache[25] ; Missing location assignment   ;
; data_cache[26] ; Missing location assignment   ;
; data_cache[27] ; Missing location assignment   ;
; data_cache[28] ; Missing location assignment   ;
; data_cache[29] ; Missing location assignment   ;
; data_cache[30] ; Missing location assignment   ;
; data_cache[31] ; Missing location assignment   ;
; req_valid      ; Missing location assignment   ;
; rd             ; Missing location assignment   ;
; we             ; Missing location assignment   ;
; addr[0]        ; Missing location assignment   ;
; addr[1]        ; Missing location assignment   ;
; addr[2]        ; Missing location assignment   ;
; addr[3]        ; Missing location assignment   ;
; addr[4]        ; Missing location assignment   ;
; data[0]        ; Missing location assignment   ;
; data[1]        ; Missing location assignment   ;
; data[2]        ; Missing location assignment   ;
; data[3]        ; Missing location assignment   ;
; data[4]        ; Missing location assignment   ;
; data[5]        ; Missing location assignment   ;
; data[6]        ; Missing location assignment   ;
; data[7]        ; Missing location assignment   ;
; data[8]        ; Missing location assignment   ;
; data[9]        ; Missing location assignment   ;
; data[10]       ; Missing location assignment   ;
; data[11]       ; Missing location assignment   ;
; data[12]       ; Missing location assignment   ;
; data[13]       ; Missing location assignment   ;
; data[14]       ; Missing location assignment   ;
; data[15]       ; Missing location assignment   ;
; data[16]       ; Missing location assignment   ;
; data[17]       ; Missing location assignment   ;
; data[18]       ; Missing location assignment   ;
; data[19]       ; Missing location assignment   ;
; data[20]       ; Missing location assignment   ;
; data[21]       ; Missing location assignment   ;
; data[22]       ; Missing location assignment   ;
; data[23]       ; Missing location assignment   ;
; data[24]       ; Missing location assignment   ;
; data[25]       ; Missing location assignment   ;
; data[26]       ; Missing location assignment   ;
; data[27]       ; Missing location assignment   ;
; data[28]       ; Missing location assignment   ;
; data[29]       ; Missing location assignment   ;
; data[30]       ; Missing location assignment   ;
; data[31]       ; Missing location assignment   ;
; finished       ; Missing location assignment   ;
; clk            ; Missing location assignment   ;
; rst            ; Missing location assignment   ;
; stall_cache    ; Missing location assignment   ;
+----------------+-------------------------------+


+--------------------------------------------------------------------------------------------------------------------------------------------------------------------------------------------------------------------------------------------------------------------------------------------------------------------------------------------------------------------------------------------------------------------------------------------+
; Fitter Resource Utilization by Entity                                                                                                                                                                                                                                                                                                                                                                                                      ;
+----------------------------------------+----------------------+----------------------------------+---------------------------------------------------+----------------------------------+----------------------+---------------------+---------------------------+---------------+-------------------+-------+------------+------+--------------+---------------------------------------------------------+-----------------+--------------+
; Compilation Hierarchy Node             ; ALMs needed [=A-B+C] ; [A] ALMs used in final placement ; [B] Estimate of ALMs recoverable by dense packing ; [C] Estimate of ALMs unavailable ; ALMs used for memory ; Combinational ALUTs ; Dedicated Logic Registers ; I/O Registers ; Block Memory Bits ; M10Ks ; DSP Blocks ; Pins ; Virtual Pins ; Full Hierarchy Name                                     ; Entity Name     ; Library Name ;
+----------------------------------------+----------------------+----------------------------------+---------------------------------------------------+----------------------------------+----------------------+---------------------+---------------------------+---------------+-------------------+-------+------------+------+--------------+---------------------------------------------------------+-----------------+--------------+
; |PE                                    ; 55.0 (55.0)          ; 57.5 (57.5)                      ; 2.5 (2.5)                                         ; 0.0 (0.0)                        ; 0.0 (0.0)            ; 103 (103)           ; 93 (93)                   ; 0 (0)         ; 9728              ; 1     ; 0          ; 76   ; 0            ; |PE                                                     ; PE              ; work         ;
;    |altsyncram:trace_rom|              ; 0.0 (0.0)            ; 0.0 (0.0)                        ; 0.0 (0.0)                                         ; 0.0 (0.0)                        ; 0.0 (0.0)            ; 0 (0)               ; 0 (0)                     ; 0 (0)         ; 9728              ; 1     ; 0          ; 0    ; 0            ; |PE|altsyncram:trace_rom                                ; altsyncram      ; work         ;
;       |altsyncram_6d21:auto_generated| ; 0.0 (0.0)            ; 0.0 (0.0)                        ; 0.0 (0.0)                                         ; 0.0 (0.0)                        ; 0.0 (0.0)            ; 0 (0)               ; 0 (0)                     ; 0 (0)         ; 9728              ; 1     ; 0          ; 0    ; 0            ; |PE|altsyncram:trace_rom|altsyncram_6d21:auto_generated ; altsyncram_6d21 ; work         ;
+----------------------------------------+----------------------+----------------------------------+---------------------------------------------------+----------------------------------+----------------------+---------------------+---------------------------+---------------+-------------------+-------+------------+------+--------------+---------------------------------------------------------+-----------------+--------------+
Note: For table entries with two numbers listed, the numbers in parentheses indicate the number of resources of the given type used by the specific entity alone. The numbers listed outside of parentheses indicate the total resources of the given type used by the specific entity and all of its sub-entities in the hierarchy.


+-------------------------------------------------------------------------------------------------------------------------------+
; Delay Chain Summary                                                                                                           ;
+----------------+----------+----+------+------+----+------+-------+--------+------------------------+--------------------------+
; Name           ; Pin Type ; D1 ; D3_0 ; D3_1 ; D4 ; D5   ; D5 OE ; D5 OCT ; T11 (Postamble Gating) ; T11 (Postamble Ungating) ;
+----------------+----------+----+------+------+----+------+-------+--------+------------------------+--------------------------+
; data_cache[0]  ; Input    ; -- ; --   ; --   ; -- ; --   ; --    ; --     ; --                     ; --                       ;
; data_cache[1]  ; Input    ; -- ; --   ; --   ; -- ; --   ; --    ; --     ; --                     ; --                       ;
; data_cache[2]  ; Input    ; -- ; --   ; --   ; -- ; --   ; --    ; --     ; --                     ; --                       ;
; data_cache[3]  ; Input    ; -- ; --   ; --   ; -- ; --   ; --    ; --     ; --                     ; --                       ;
; data_cache[4]  ; Input    ; -- ; --   ; --   ; -- ; --   ; --    ; --     ; --                     ; --                       ;
; data_cache[5]  ; Input    ; -- ; --   ; --   ; -- ; --   ; --    ; --     ; --                     ; --                       ;
; data_cache[6]  ; Input    ; -- ; --   ; --   ; -- ; --   ; --    ; --     ; --                     ; --                       ;
; data_cache[7]  ; Input    ; -- ; --   ; --   ; -- ; --   ; --    ; --     ; --                     ; --                       ;
; data_cache[8]  ; Input    ; -- ; --   ; --   ; -- ; --   ; --    ; --     ; --                     ; --                       ;
; data_cache[9]  ; Input    ; -- ; --   ; --   ; -- ; --   ; --    ; --     ; --                     ; --                       ;
; data_cache[10] ; Input    ; -- ; --   ; --   ; -- ; --   ; --    ; --     ; --                     ; --                       ;
; data_cache[11] ; Input    ; -- ; --   ; --   ; -- ; --   ; --    ; --     ; --                     ; --                       ;
; data_cache[12] ; Input    ; -- ; --   ; --   ; -- ; --   ; --    ; --     ; --                     ; --                       ;
; data_cache[13] ; Input    ; -- ; --   ; --   ; -- ; --   ; --    ; --     ; --                     ; --                       ;
; data_cache[14] ; Input    ; -- ; --   ; --   ; -- ; --   ; --    ; --     ; --                     ; --                       ;
; data_cache[15] ; Input    ; -- ; --   ; --   ; -- ; --   ; --    ; --     ; --                     ; --                       ;
; data_cache[16] ; Input    ; -- ; --   ; --   ; -- ; --   ; --    ; --     ; --                     ; --                       ;
; data_cache[17] ; Input    ; -- ; --   ; --   ; -- ; --   ; --    ; --     ; --                     ; --                       ;
; data_cache[18] ; Input    ; -- ; --   ; --   ; -- ; --   ; --    ; --     ; --                     ; --                       ;
; data_cache[19] ; Input    ; -- ; --   ; --   ; -- ; --   ; --    ; --     ; --                     ; --                       ;
; data_cache[20] ; Input    ; -- ; --   ; --   ; -- ; --   ; --    ; --     ; --                     ; --                       ;
; data_cache[21] ; Input    ; -- ; --   ; --   ; -- ; --   ; --    ; --     ; --                     ; --                       ;
; data_cache[22] ; Input    ; -- ; --   ; --   ; -- ; --   ; --    ; --     ; --                     ; --                       ;
; data_cache[23] ; Input    ; -- ; --   ; --   ; -- ; --   ; --    ; --     ; --                     ; --                       ;
; data_cache[24] ; Input    ; -- ; --   ; --   ; -- ; --   ; --    ; --     ; --                     ; --                       ;
; data_cache[25] ; Input    ; -- ; --   ; --   ; -- ; --   ; --    ; --     ; --                     ; --                       ;
; data_cache[26] ; Input    ; -- ; --   ; --   ; -- ; --   ; --    ; --     ; --                     ; --                       ;
; data_cache[27] ; Input    ; -- ; --   ; --   ; -- ; --   ; --    ; --     ; --                     ; --                       ;
; data_cache[28] ; Input    ; -- ; --   ; --   ; -- ; --   ; --    ; --     ; --                     ; --                       ;
; data_cache[29] ; Input    ; -- ; --   ; --   ; -- ; --   ; --    ; --     ; --                     ; --                       ;
; data_cache[30] ; Input    ; -- ; --   ; --   ; -- ; --   ; --    ; --     ; --                     ; --                       ;
; data_cache[31] ; Input    ; -- ; --   ; --   ; -- ; --   ; --    ; --     ; --                     ; --                       ;
; req_valid      ; Output   ; -- ; --   ; --   ; -- ; (0)  ; (31)  ; --     ; --                     ; --                       ;
; rd             ; Output   ; -- ; --   ; --   ; -- ; (0)  ; (31)  ; --     ; --                     ; --                       ;
; we             ; Output   ; -- ; --   ; --   ; -- ; (0)  ; (31)  ; --     ; --                     ; --                       ;
; addr[0]        ; Output   ; -- ; --   ; --   ; -- ; (0)  ; (31)  ; --     ; --                     ; --                       ;
; addr[1]        ; Output   ; -- ; --   ; --   ; -- ; (0)  ; (31)  ; --     ; --                     ; --                       ;
; addr[2]        ; Output   ; -- ; --   ; --   ; -- ; (0)  ; (31)  ; --     ; --                     ; --                       ;
; addr[3]        ; Output   ; -- ; --   ; --   ; -- ; (0)  ; (31)  ; --     ; --                     ; --                       ;
; addr[4]        ; Output   ; -- ; --   ; --   ; -- ; (0)  ; (31)  ; --     ; --                     ; --                       ;
; data[0]        ; Output   ; -- ; --   ; --   ; -- ; (0)  ; (31)  ; --     ; --                     ; --                       ;
; data[1]        ; Output   ; -- ; --   ; --   ; -- ; (0)  ; (31)  ; --     ; --                     ; --                       ;
; data[2]        ; Output   ; -- ; --   ; --   ; -- ; (0)  ; (31)  ; --     ; --                     ; --                       ;
; data[3]        ; Output   ; -- ; --   ; --   ; -- ; (0)  ; (31)  ; --     ; --                     ; --                       ;
; data[4]        ; Output   ; -- ; --   ; --   ; -- ; (0)  ; (31)  ; --     ; --                     ; --                       ;
; data[5]        ; Output   ; -- ; --   ; --   ; -- ; (0)  ; (31)  ; --     ; --                     ; --                       ;
; data[6]        ; Output   ; -- ; --   ; --   ; -- ; (0)  ; (31)  ; --     ; --                     ; --                       ;
; data[7]        ; Output   ; -- ; --   ; --   ; -- ; (0)  ; (31)  ; --     ; --                     ; --                       ;
; data[8]        ; Output   ; -- ; --   ; --   ; -- ; (0)  ; (31)  ; --     ; --                     ; --                       ;
; data[9]        ; Output   ; -- ; --   ; --   ; -- ; (0)  ; (31)  ; --     ; --                     ; --                       ;
; data[10]       ; Output   ; -- ; --   ; --   ; -- ; (0)  ; (31)  ; --     ; --                     ; --                       ;
; data[11]       ; Output   ; -- ; --   ; --   ; -- ; (0)  ; (31)  ; --     ; --                     ; --                       ;
; data[12]       ; Output   ; -- ; --   ; --   ; -- ; (0)  ; (31)  ; --     ; --                     ; --                       ;
; data[13]       ; Output   ; -- ; --   ; --   ; -- ; (0)  ; (31)  ; --     ; --                     ; --                       ;
; data[14]       ; Output   ; -- ; --   ; --   ; -- ; (0)  ; (31)  ; --     ; --                     ; --                       ;
; data[15]       ; Output   ; -- ; --   ; --   ; -- ; (0)  ; (31)  ; --     ; --                     ; --                       ;
; data[16]       ; Output   ; -- ; --   ; --   ; -- ; (0)  ; (31)  ; --     ; --                     ; --                       ;
; data[17]       ; Output   ; -- ; --   ; --   ; -- ; (0)  ; (31)  ; --     ; --                     ; --                       ;
; data[18]       ; Output   ; -- ; --   ; --   ; -- ; (0)  ; (31)  ; --     ; --                     ; --                       ;
; data[19]       ; Output   ; -- ; --   ; --   ; -- ; (0)  ; (31)  ; --     ; --                     ; --                       ;
; data[20]       ; Output   ; -- ; --   ; --   ; -- ; (0)  ; (31)  ; --     ; --                     ; --                       ;
; data[21]       ; Output   ; -- ; --   ; --   ; -- ; (0)  ; (31)  ; --     ; --                     ; --                       ;
; data[22]       ; Output   ; -- ; --   ; --   ; -- ; (0)  ; (31)  ; --     ; --                     ; --                       ;
; data[23]       ; Output   ; -- ; --   ; --   ; -- ; (0)  ; (31)  ; --     ; --                     ; --                       ;
; data[24]       ; Output   ; -- ; --   ; --   ; -- ; (0)  ; (31)  ; --     ; --                     ; --                       ;
; data[25]       ; Output   ; -- ; --   ; --   ; -- ; (0)  ; (31)  ; --     ; --                     ; --                       ;
; data[26]       ; Output   ; -- ; --   ; --   ; -- ; (0)  ; (31)  ; --     ; --                     ; --                       ;
; data[27]       ; Output   ; -- ; --   ; --   ; -- ; (0)  ; (31)  ; --     ; --                     ; --                       ;
; data[28]       ; Output   ; -- ; --   ; --   ; -- ; (0)  ; (31)  ; --     ; --                     ; --                       ;
; data[29]       ; Output   ; -- ; --   ; --   ; -- ; (0)  ; (31)  ; --     ; --                     ; --                       ;
; data[30]       ; Output   ; -- ; --   ; --   ; -- ; (0)  ; (31)  ; --     ; --                     ; --                       ;
; data[31]       ; Output   ; -- ; --   ; --   ; -- ; (0)  ; (31)  ; --     ; --                     ; --                       ;
; finished       ; Output   ; -- ; --   ; --   ; -- ; (0)  ; (31)  ; --     ; --                     ; --                       ;
; clk            ; Input    ; -- ; (0)  ; --   ; -- ; --   ; --    ; --     ; --                     ; --                       ;
; rst            ; Input    ; -- ; (0)  ; --   ; -- ; --   ; --    ; --     ; --                     ; --                       ;
; stall_cache    ; Input    ; -- ; --   ; (0)  ; -- ; --   ; --    ; --     ; --                     ; --                       ;
+----------------+----------+----+------+------+----+------+-------+--------+------------------------+--------------------------+


+--------------------------------------------------------+
; Pad To Core Delay Chain Fanout                         ;
+--------------------------+-------------------+---------+
; Source Pin / Fanout      ; Pad To Core Index ; Setting ;
+--------------------------+-------------------+---------+
; data_cache[0]            ;                   ;         ;
; data_cache[1]            ;                   ;         ;
; data_cache[2]            ;                   ;         ;
; data_cache[3]            ;                   ;         ;
; data_cache[4]            ;                   ;         ;
; data_cache[5]            ;                   ;         ;
; data_cache[6]            ;                   ;         ;
; data_cache[7]            ;                   ;         ;
; data_cache[8]            ;                   ;         ;
; data_cache[9]            ;                   ;         ;
; data_cache[10]           ;                   ;         ;
; data_cache[11]           ;                   ;         ;
; data_cache[12]           ;                   ;         ;
; data_cache[13]           ;                   ;         ;
; data_cache[14]           ;                   ;         ;
; data_cache[15]           ;                   ;         ;
; data_cache[16]           ;                   ;         ;
; data_cache[17]           ;                   ;         ;
; data_cache[18]           ;                   ;         ;
; data_cache[19]           ;                   ;         ;
; data_cache[20]           ;                   ;         ;
; data_cache[21]           ;                   ;         ;
; data_cache[22]           ;                   ;         ;
; data_cache[23]           ;                   ;         ;
; data_cache[24]           ;                   ;         ;
; data_cache[25]           ;                   ;         ;
; data_cache[26]           ;                   ;         ;
; data_cache[27]           ;                   ;         ;
; data_cache[28]           ;                   ;         ;
; data_cache[29]           ;                   ;         ;
; data_cache[30]           ;                   ;         ;
; data_cache[31]           ;                   ;         ;
; clk                      ;                   ;         ;
; rst                      ;                   ;         ;
;      - finished~reg0     ; 0                 ; 0       ;
;      - data[0]~reg0      ; 0                 ; 0       ;
;      - data[1]~reg0      ; 0                 ; 0       ;
;      - data[2]~reg0      ; 0                 ; 0       ;
;      - data[3]~reg0      ; 0                 ; 0       ;
;      - data[4]~reg0      ; 0                 ; 0       ;
;      - data[5]~reg0      ; 0                 ; 0       ;
;      - data[6]~reg0      ; 0                 ; 0       ;
;      - data[7]~reg0      ; 0                 ; 0       ;
;      - data[8]~reg0      ; 0                 ; 0       ;
;      - data[9]~reg0      ; 0                 ; 0       ;
;      - data[10]~reg0     ; 0                 ; 0       ;
;      - data[11]~reg0     ; 0                 ; 0       ;
;      - data[12]~reg0     ; 0                 ; 0       ;
;      - data[13]~reg0     ; 0                 ; 0       ;
;      - data[14]~reg0     ; 0                 ; 0       ;
;      - data[15]~reg0     ; 0                 ; 0       ;
;      - data[16]~reg0     ; 0                 ; 0       ;
;      - data[17]~reg0     ; 0                 ; 0       ;
;      - data[18]~reg0     ; 0                 ; 0       ;
;      - data[19]~reg0     ; 0                 ; 0       ;
;      - data[20]~reg0     ; 0                 ; 0       ;
;      - data[21]~reg0     ; 0                 ; 0       ;
;      - data[22]~reg0     ; 0                 ; 0       ;
;      - data[23]~reg0     ; 0                 ; 0       ;
;      - data[24]~reg0     ; 0                 ; 0       ;
;      - data[25]~reg0     ; 0                 ; 0       ;
;      - data[26]~reg0     ; 0                 ; 0       ;
;      - data[27]~reg0     ; 0                 ; 0       ;
;      - data[28]~reg0     ; 0                 ; 0       ;
;      - data[29]~reg0     ; 0                 ; 0       ;
;      - data[30]~reg0     ; 0                 ; 0       ;
;      - data[31]~reg0     ; 0                 ; 0       ;
;      - addr[0]~reg0      ; 0                 ; 0       ;
;      - addr[1]~reg0      ; 0                 ; 0       ;
;      - addr[2]~reg0      ; 0                 ; 0       ;
;      - addr[3]~reg0      ; 0                 ; 0       ;
;      - addr[4]~reg0      ; 0                 ; 0       ;
;      - we~reg0           ; 0                 ; 0       ;
;      - rd~reg0           ; 0                 ; 0       ;
;      - req_valid~reg0    ; 0                 ; 0       ;
;      - state.FETCH_WAIT  ; 0                 ; 0       ;
;      - state.SEND_REQ    ; 0                 ; 0       ;
;      - pc[0]             ; 0                 ; 0       ;
;      - pc[1]             ; 0                 ; 0       ;
;      - pc[2]             ; 0                 ; 0       ;
;      - pc[3]             ; 0                 ; 0       ;
;      - pc[4]             ; 0                 ; 0       ;
;      - pc[5]             ; 0                 ; 0       ;
;      - pc[6]             ; 0                 ; 0       ;
;      - pc[7]             ; 0                 ; 0       ;
;      - instr[37]         ; 0                 ; 0       ;
;      - state.FETCH_INSTR ; 0                 ; 0       ;
;      - instr[32]         ; 0                 ; 0       ;
;      - state.WAIT_DONE   ; 0                 ; 0       ;
;      - instr[33]         ; 0                 ; 0       ;
;      - instr[34]         ; 0                 ; 0       ;
;      - instr[35]         ; 0                 ; 0       ;
;      - instr[36]         ; 0                 ; 0       ;
;      - instr[0]          ; 0                 ; 0       ;
;      - instr[1]          ; 0                 ; 0       ;
;      - instr[2]          ; 0                 ; 0       ;
;      - instr[3]          ; 0                 ; 0       ;
;      - instr[4]          ; 0                 ; 0       ;
;      - instr[5]          ; 0                 ; 0       ;
;      - instr[6]          ; 0                 ; 0       ;
;      - instr[7]          ; 0                 ; 0       ;
;      - instr[8]          ; 0                 ; 0       ;
;      - instr[9]          ; 0                 ; 0       ;
;      - instr[10]         ; 0                 ; 0       ;
;      - instr[11]         ; 0                 ; 0       ;
;      - instr[12]         ; 0                 ; 0       ;
;      - instr[13]         ; 0                 ; 0       ;
;      - instr[14]         ; 0                 ; 0       ;
;      - instr[15]         ; 0                 ; 0       ;
;      - instr[16]         ; 0                 ; 0       ;
;      - instr[17]         ; 0                 ; 0       ;
;      - instr[18]         ; 0                 ; 0       ;
;      - instr[19]         ; 0                 ; 0       ;
;      - instr[20]         ; 0                 ; 0       ;
;      - instr[21]         ; 0                 ; 0       ;
;      - instr[22]         ; 0                 ; 0       ;
;      - instr[23]         ; 0                 ; 0       ;
;      - instr[24]         ; 0                 ; 0       ;
;      - instr[25]         ; 0                 ; 0       ;
;      - instr[26]         ; 0                 ; 0       ;
;      - instr[27]         ; 0                 ; 0       ;
;      - instr[28]         ; 0                 ; 0       ;
;      - instr[29]         ; 0                 ; 0       ;
;      - instr[30]         ; 0                 ; 0       ;
;      - instr[31]         ; 0                 ; 0       ;
;      - state.START       ; 0                 ; 0       ;
;      - state.END_STATE   ; 0                 ; 0       ;
; stall_cache              ;                   ;         ;
;      - Selector88~0      ; 1                 ; 0       ;
;      - Selector87~0      ; 1                 ; 0       ;
;      - state.WAIT_DONE~0 ; 1                 ; 0       ;
;      - Selector0~0       ; 1                 ; 0       ;
+--------------------------+-------------------+---------+


+----------------------------------------------------------------------------------------------------------------------------------------------+
; Control Signals                                                                                                                              ;
+-----------------+--------------------+---------+--------------+--------+----------------------+------------------+---------------------------+
; Name            ; Location           ; Fan-Out ; Usage        ; Global ; Global Resource Used ; Global Line Name ; Enable Signal Source Name ;
+-----------------+--------------------+---------+--------------+--------+----------------------+------------------+---------------------------+
; Selector0~0     ; LABCELL_X55_Y2_N45 ; 8       ; Clock enable ; no     ; --                   ; --               ; --                        ;
; Selector8~1     ; LABCELL_X55_Y2_N6  ; 38      ; Clock enable ; no     ; --                   ; --               ; --                        ;
; clk             ; PIN_M16            ; 94      ; Clock        ; yes    ; Global Clock         ; GCLK10           ; --                        ;
; rst             ; PIN_U15            ; 93      ; Async. clear ; no     ; --                   ; --               ; --                        ;
; state.WAIT_DONE ; FF_X55_Y2_N38      ; 48      ; Sync. clear  ; no     ; --                   ; --               ; --                        ;
+-----------------+--------------------+---------+--------------+--------+----------------------+------------------+---------------------------+


+-------------------------------------------------------------------------------------------------+
; Global & Other Fast Signals                                                                     ;
+------+----------+---------+----------------------+------------------+---------------------------+
; Name ; Location ; Fan-Out ; Global Resource Used ; Global Line Name ; Enable Signal Source Name ;
+------+----------+---------+----------------------+------------------+---------------------------+
; clk  ; PIN_M16  ; 94      ; Global Clock         ; GCLK10           ; --                        ;
+------+----------+---------+----------------------+------------------+---------------------------+


+-----------------------------------------------------------------------------------------------------------------------------------------------------------------------------------------------------------------------------------------------------------------------------------------------------------------------------------------------------------------------------------------------------------------------------------------------------------------------------------------------------------------------------------------------------------------------------------------------+
; Fitter RAM Summary                                                                                                                                                                                                                                                                                                                                                                                                                                                                                                                                                                            ;
+----------------------------------------------------------------+------+------+--------------+--------------+--------------+--------------+--------------+------------------------+-------------------------+------------------------+-------------------------+------+-----------------------------+-----------------------------+-----------------------------+-----------------------------+---------------------+-------------+-------+-----------+----------------+----------------------+-----------------+-----------------+----------+------------------------+------------------------+
; Name                                                           ; Type ; Mode ; Clock Mode   ; Port A Depth ; Port A Width ; Port B Depth ; Port B Width ; Port A Input Registers ; Port A Output Registers ; Port B Input Registers ; Port B Output Registers ; Size ; Implementation Port A Depth ; Implementation Port A Width ; Implementation Port B Depth ; Implementation Port B Width ; Implementation Bits ; M10K blocks ; MLABs ; MIF       ; Location       ; Mixed Width RDW Mode ; Port A RDW Mode ; Port B RDW Mode ; ECC Mode ; ECC Pipeline Registers ; Fits in MLABs          ;
+----------------------------------------------------------------+------+------+--------------+--------------+--------------+--------------+--------------+------------------------+-------------------------+------------------------+-------------------------+------+-----------------------------+-----------------------------+-----------------------------+-----------------------------+---------------------+-------------+-------+-----------+----------------+----------------------+-----------------+-----------------+----------+------------------------+------------------------+
; altsyncram:trace_rom|altsyncram_6d21:auto_generated|ALTSYNCRAM ; AUTO ; ROM  ; Single Clock ; 256          ; 38           ; --           ; --           ; yes                    ; no                      ; --                     ; --                      ; 9728 ; 256                         ; 38                          ; --                          ; --                          ; 9728                ; 1           ; 0     ; trace.mif ; M10K_X58_Y2_N0 ; Don't care           ; New data        ; New data        ; Off      ; No                     ; No - Unsupported Depth ;
+----------------------------------------------------------------+------+------+--------------+--------------+--------------+--------------+--------------+------------------------+-------------------------+------------------------+-------------------------+------+-----------------------------+-----------------------------+-----------------------------+-----------------------------+---------------------+-------------+-------+-----------+----------------+----------------------+-----------------+-----------------+----------+------------------------+------------------------+
Note: Fitter may spread logical memories into multiple blocks to improve timing. The actual required RAM blocks can be found in the Fitter Resource Usage section.


+--------------------------------------------------------+
; Routing Usage Summary                                  ;
+------------------------------+-------------------------+
; Routing Resource Type        ; Usage                   ;
+------------------------------+-------------------------+
; Block interconnects          ; 185 / 374,484 ( < 1 % ) ;
; C12 interconnects            ; 0 / 16,664 ( 0 % )      ;
; C2 interconnects             ; 40 / 155,012 ( < 1 % )  ;
; C4 interconnects             ; 24 / 72,600 ( < 1 % )   ;
; DQS bus muxes                ; 0 / 30 ( 0 % )          ;
; DQS-18 I/O buses             ; 0 / 30 ( 0 % )          ;
; DQS-9 I/O buses              ; 0 / 30 ( 0 % )          ;
; Direct links                 ; 13 / 374,484 ( < 1 % )  ;
; Global clocks                ; 1 / 16 ( 6 % )          ;
; Horizontal periphery clocks  ; 0 / 72 ( 0 % )          ;
; Local interconnects          ; 30 / 112,960 ( < 1 % )  ;
; Quadrant clocks              ; 0 / 88 ( 0 % )          ;
; R14 interconnects            ; 5 / 15,868 ( < 1 % )    ;
; R14/C12 interconnect drivers ; 5 / 27,256 ( < 1 % )    ;
; R3 interconnects             ; 96 / 169,296 ( < 1 % )  ;
; R6 interconnects             ; 69 / 330,800 ( < 1 % )  ;
; Spine clocks                 ; 1 / 480 ( < 1 % )       ;
; Wire stub REs                ; 0 / 20,834 ( 0 % )      ;
+------------------------------+-------------------------+


+------------------------------------------+
; I/O Rules Summary                        ;
+----------------------------------+-------+
; I/O Rules Statistic              ; Total ;
+----------------------------------+-------+
; Total I/O Rules                  ; 28    ;
; Number of I/O Rules Passed       ; 6     ;
; Number of I/O Rules Failed       ; 0     ;
; Number of I/O Rules Unchecked    ; 0     ;
; Number of I/O Rules Inapplicable ; 22    ;
+----------------------------------+-------+


+-----------------------------------------------------------------------------------------------------------------------------------------------------------------------------------------------------------------------------------------------------------------------------------+
; I/O Rules Details                                                                                                                                                                                                                                                                 ;
+--------------+-----------+-----------------------------------+------------------------------------------------------------------------------------+----------+--------------------------------------------------------------------------+---------------------+-------------------+
; Status       ; ID        ; Category                          ; Rule Description                                                                   ; Severity ; Information                                                              ; Area                ; Extra Information ;
+--------------+-----------+-----------------------------------+------------------------------------------------------------------------------------+----------+--------------------------------------------------------------------------+---------------------+-------------------+
; Inapplicable ; IO_000001 ; Capacity Checks                   ; Number of pins in an I/O bank should not exceed the number of locations available. ; Critical ; No Location assignments found.                                           ; I/O                 ;                   ;
; Inapplicable ; IO_000002 ; Capacity Checks                   ; Number of clocks in an I/O bank should not exceed the number of clocks available.  ; Critical ; No Global Signal assignments found.                                      ; I/O                 ;                   ;
; Inapplicable ; IO_000003 ; Capacity Checks                   ; Number of pins in a Vrefgroup should not exceed the number of locations available. ; Critical ; No Location assignments found.                                           ; I/O                 ;                   ;
; Inapplicable ; IO_000004 ; Voltage Compatibility Checks      ; The I/O bank should support the requested VCCIO.                                   ; Critical ; No IOBANK_VCCIO assignments found.                                       ; I/O                 ;                   ;
; Inapplicable ; IO_000005 ; Voltage Compatibility Checks      ; The I/O bank should not have competing VREF values.                                ; Critical ; No VREF I/O Standard assignments found.                                  ; I/O                 ;                   ;
; Pass         ; IO_000006 ; Voltage Compatibility Checks      ; The I/O bank should not have competing VCCIO values.                               ; Critical ; 0 such failures found.                                                   ; I/O                 ;                   ;
; Inapplicable ; IO_000007 ; Valid Location Checks             ; Checks for unavailable locations.                                                  ; Critical ; No Location assignments found.                                           ; I/O                 ;                   ;
; Inapplicable ; IO_000008 ; Valid Location Checks             ; Checks for reserved locations.                                                     ; Critical ; No reserved LogicLock region found.                                      ; I/O                 ;                   ;
; Pass         ; IO_000009 ; I/O Properties Checks for One I/O ; The location should support the requested I/O standard.                            ; Critical ; 0 such failures found.                                                   ; I/O                 ;                   ;
; Pass         ; IO_000010 ; I/O Properties Checks for One I/O ; The location should support the requested I/O direction.                           ; Critical ; 0 such failures found.                                                   ; I/O                 ;                   ;
; Inapplicable ; IO_000011 ; I/O Properties Checks for One I/O ; The location should support the requested Current Strength.                        ; Critical ; No Current Strength assignments found.                                   ; I/O                 ;                   ;
; Pass         ; IO_000012 ; I/O Properties Checks for One I/O ; The location should support the requested On Chip Termination value.               ; Critical ; 0 such failures found.                                                   ; I/O                 ;                   ;
; Inapplicable ; IO_000013 ; I/O Properties Checks for One I/O ; The location should support the requested Bus Hold value.                          ; Critical ; No Enable Bus-Hold Circuitry assignments found.                          ; I/O                 ;                   ;
; Inapplicable ; IO_000014 ; I/O Properties Checks for One I/O ; The location should support the requested Weak Pull Up value.                      ; Critical ; No Weak Pull-Up Resistor assignments found.                              ; I/O                 ;                   ;
; Inapplicable ; IO_000015 ; I/O Properties Checks for One I/O ; The location should support the requested PCI Clamp Diode.                         ; Critical ; No Clamping Diode assignments found.                                     ; I/O                 ;                   ;
; Inapplicable ; IO_000018 ; I/O Properties Checks for One I/O ; The I/O standard should support the requested Current Strength.                    ; Critical ; No Current Strength assignments found.                                   ; I/O                 ;                   ;
; Pass         ; IO_000019 ; I/O Properties Checks for One I/O ; The I/O standard should support the requested On Chip Termination value.           ; Critical ; 0 such failures found.                                                   ; I/O                 ;                   ;
; Inapplicable ; IO_000020 ; I/O Properties Checks for One I/O ; The I/O standard should support the requested PCI Clamp Diode.                     ; Critical ; No Clamping Diode assignments found.                                     ; I/O                 ;                   ;
; Inapplicable ; IO_000021 ; I/O Properties Checks for One I/O ; The I/O standard should support the requested Weak Pull Up value.                  ; Critical ; No Weak Pull-Up Resistor assignments found.                              ; I/O                 ;                   ;
; Inapplicable ; IO_000022 ; I/O Properties Checks for One I/O ; The I/O standard should support the requested Bus Hold value.                      ; Critical ; No Enable Bus-Hold Circuitry assignments found.                          ; I/O                 ;                   ;
; Inapplicable ; IO_000023 ; I/O Properties Checks for One I/O ; The I/O standard should support the Open Drain value.                              ; Critical ; No open drain assignments found.                                         ; I/O                 ;                   ;
; Pass         ; IO_000024 ; I/O Properties Checks for One I/O ; The I/O direction should support the On Chip Termination value.                    ; Critical ; 0 such failures found.                                                   ; I/O                 ;                   ;
; Inapplicable ; IO_000026 ; I/O Properties Checks for One I/O ; On Chip Termination and Current Strength should not be used at the same time.      ; Critical ; No Current Strength assignments found.                                   ; I/O                 ;                   ;
; Inapplicable ; IO_000027 ; I/O Properties Checks for One I/O ; Weak Pull Up and Bus Hold should not be used at the same time.                     ; Critical ; No Enable Bus-Hold Circuitry or Weak Pull-Up Resistor assignments found. ; I/O                 ;                   ;
; Inapplicable ; IO_000045 ; I/O Properties Checks for One I/O ; The I/O standard should support the requested Slew Rate value.                     ; Critical ; No Slew Rate assignments found.                                          ; I/O                 ;                   ;
; Inapplicable ; IO_000046 ; I/O Properties Checks for One I/O ; The location should support the requested Slew Rate value.                         ; Critical ; No Slew Rate assignments found.                                          ; I/O                 ;                   ;
; Inapplicable ; IO_000047 ; I/O Properties Checks for One I/O ; On Chip Termination and Slew Rate should not be used at the same time.             ; Critical ; No Slew Rate assignments found.                                          ; I/O                 ;                   ;
; Inapplicable ; IO_000034 ; SI Related Distance Checks        ; Single-ended outputs should be 0 LAB row(s) away from a differential I/O.          ; High     ; No Differential I/O Standard assignments found.                          ; I/O                 ;                   ;
; ----         ; ----      ; Disclaimer                        ; OCT rules are checked but not reported.                                            ; None     ; ----                                                                     ; On Chip Termination ;                   ;
+--------------+-----------+-----------------------------------+------------------------------------------------------------------------------------+----------+--------------------------------------------------------------------------+---------------------+-------------------+


+-----------------------------------------------------------------------------------------------------------------------------------------------------------------------------------------------------------------------------------------------------------------------------------------------------------------------------------------------------------------------------------------------------------------------------------------------+
; I/O Rules Matrix                                                                                                                                                                                                                                                                                                                                                                                                                              ;
+--------------------+--------------+--------------+--------------+--------------+--------------+-----------+--------------+--------------+-----------+-----------+--------------+--------------+--------------+--------------+--------------+--------------+--------------+--------------+--------------+--------------+--------------+--------------+--------------+--------------+--------------+--------------+--------------+--------------+
; Pin/Rules          ; IO_000001    ; IO_000002    ; IO_000003    ; IO_000004    ; IO_000005    ; IO_000006 ; IO_000007    ; IO_000008    ; IO_000009 ; IO_000010 ; IO_000011    ; IO_000012    ; IO_000013    ; IO_000014    ; IO_000015    ; IO_000018    ; IO_000019    ; IO_000020    ; IO_000021    ; IO_000022    ; IO_000023    ; IO_000024    ; IO_000026    ; IO_000027    ; IO_000045    ; IO_000046    ; IO_000047    ; IO_000034    ;
+--------------------+--------------+--------------+--------------+--------------+--------------+-----------+--------------+--------------+-----------+-----------+--------------+--------------+--------------+--------------+--------------+--------------+--------------+--------------+--------------+--------------+--------------+--------------+--------------+--------------+--------------+--------------+--------------+--------------+
; Total Pass         ; 0            ; 0            ; 0            ; 0            ; 0            ; 76        ; 0            ; 0            ; 76        ; 76        ; 0            ; 41           ; 0            ; 0            ; 0            ; 0            ; 41           ; 0            ; 0            ; 0            ; 0            ; 41           ; 0            ; 0            ; 0            ; 0            ; 0            ; 0            ;
; Total Unchecked    ; 0            ; 0            ; 0            ; 0            ; 0            ; 0         ; 0            ; 0            ; 0         ; 0         ; 0            ; 0            ; 0            ; 0            ; 0            ; 0            ; 0            ; 0            ; 0            ; 0            ; 0            ; 0            ; 0            ; 0            ; 0            ; 0            ; 0            ; 0            ;
; Total Inapplicable ; 76           ; 76           ; 76           ; 76           ; 76           ; 0         ; 76           ; 76           ; 0         ; 0         ; 76           ; 35           ; 76           ; 76           ; 76           ; 76           ; 35           ; 76           ; 76           ; 76           ; 76           ; 35           ; 76           ; 76           ; 76           ; 76           ; 76           ; 76           ;
; Total Fail         ; 0            ; 0            ; 0            ; 0            ; 0            ; 0         ; 0            ; 0            ; 0         ; 0         ; 0            ; 0            ; 0            ; 0            ; 0            ; 0            ; 0            ; 0            ; 0            ; 0            ; 0            ; 0            ; 0            ; 0            ; 0            ; 0            ; 0            ; 0            ;
; data_cache[0]      ; Inapplicable ; Inapplicable ; Inapplicable ; Inapplicable ; Inapplicable ; Pass      ; Inapplicable ; Inapplicable ; Pass      ; Pass      ; Inapplicable ; Inapplicable ; Inapplicable ; Inapplicable ; Inapplicable ; Inapplicable ; Inapplicable ; Inapplicable ; Inapplicable ; Inapplicable ; Inapplicable ; Inapplicable ; Inapplicable ; Inapplicable ; Inapplicable ; Inapplicable ; Inapplicable ; Inapplicable ;
; data_cache[1]      ; Inapplicable ; Inapplicable ; Inapplicable ; Inapplicable ; Inapplicable ; Pass      ; Inapplicable ; Inapplicable ; Pass      ; Pass      ; Inapplicable ; Inapplicable ; Inapplicable ; Inapplicable ; Inapplicable ; Inapplicable ; Inapplicable ; Inapplicable ; Inapplicable ; Inapplicable ; Inapplicable ; Inapplicable ; Inapplicable ; Inapplicable ; Inapplicable ; Inapplicable ; Inapplicable ; Inapplicable ;
; data_cache[2]      ; Inapplicable ; Inapplicable ; Inapplicable ; Inapplicable ; Inapplicable ; Pass      ; Inapplicable ; Inapplicable ; Pass      ; Pass      ; Inapplicable ; Inapplicable ; Inapplicable ; Inapplicable ; Inapplicable ; Inapplicable ; Inapplicable ; Inapplicable ; Inapplicable ; Inapplicable ; Inapplicable ; Inapplicable ; Inapplicable ; Inapplicable ; Inapplicable ; Inapplicable ; Inapplicable ; Inapplicable ;
; data_cache[3]      ; Inapplicable ; Inapplicable ; Inapplicable ; Inapplicable ; Inapplicable ; Pass      ; Inapplicable ; Inapplicable ; Pass      ; Pass      ; Inapplicable ; Inapplicable ; Inapplicable ; Inapplicable ; Inapplicable ; Inapplicable ; Inapplicable ; Inapplicable ; Inapplicable ; Inapplicable ; Inapplicable ; Inapplicable ; Inapplicable ; Inapplicable ; Inapplicable ; Inapplicable ; Inapplicable ; Inapplicable ;
; data_cache[4]      ; Inapplicable ; Inapplicable ; Inapplicable ; Inapplicable ; Inapplicable ; Pass      ; Inapplicable ; Inapplicable ; Pass      ; Pass      ; Inapplicable ; Inapplicable ; Inapplicable ; Inapplicable ; Inapplicable ; Inapplicable ; Inapplicable ; Inapplicable ; Inapplicable ; Inapplicable ; Inapplicable ; Inapplicable ; Inapplicable ; Inapplicable ; Inapplicable ; Inapplicable ; Inapplicable ; Inapplicable ;
; data_cache[5]      ; Inapplicable ; Inapplicable ; Inapplicable ; Inapplicable ; Inapplicable ; Pass      ; Inapplicable ; Inapplicable ; Pass      ; Pass      ; Inapplicable ; Inapplicable ; Inapplicable ; Inapplicable ; Inapplicable ; Inapplicable ; Inapplicable ; Inapplicable ; Inapplicable ; Inapplicable ; Inapplicable ; Inapplicable ; Inapplicable ; Inapplicable ; Inapplicable ; Inapplicable ; Inapplicable ; Inapplicable ;
; data_cache[6]      ; Inapplicable ; Inapplicable ; Inapplicable ; Inapplicable ; Inapplicable ; Pass      ; Inapplicable ; Inapplicable ; Pass      ; Pass      ; Inapplicable ; Inapplicable ; Inapplicable ; Inapplicable ; Inapplicable ; Inapplicable ; Inapplicable ; Inapplicable ; Inapplicable ; Inapplicable ; Inapplicable ; Inapplicable ; Inapplicable ; Inapplicable ; Inapplicable ; Inapplicable ; Inapplicable ; Inapplicable ;
; data_cache[7]      ; Inapplicable ; Inapplicable ; Inapplicable ; Inapplicable ; Inapplicable ; Pass      ; Inapplicable ; Inapplicable ; Pass      ; Pass      ; Inapplicable ; Inapplicable ; Inapplicable ; Inapplicable ; Inapplicable ; Inapplicable ; Inapplicable ; Inapplicable ; Inapplicable ; Inapplicable ; Inapplicable ; Inapplicable ; Inapplicable ; Inapplicable ; Inapplicable ; Inapplicable ; Inapplicable ; Inapplicable ;
; data_cache[8]      ; Inapplicable ; Inapplicable ; Inapplicable ; Inapplicable ; Inapplicable ; Pass      ; Inapplicable ; Inapplicable ; Pass      ; Pass      ; Inapplicable ; Inapplicable ; Inapplicable ; Inapplicable ; Inapplicable ; Inapplicable ; Inapplicable ; Inapplicable ; Inapplicable ; Inapplicable ; Inapplicable ; Inapplicable ; Inapplicable ; Inapplicable ; Inapplicable ; Inapplicable ; Inapplicable ; Inapplicable ;
; data_cache[9]      ; Inapplicable ; Inapplicable ; Inapplicable ; Inapplicable ; Inapplicable ; Pass      ; Inapplicable ; Inapplicable ; Pass      ; Pass      ; Inapplicable ; Inapplicable ; Inapplicable ; Inapplicable ; Inapplicable ; Inapplicable ; Inapplicable ; Inapplicable ; Inapplicable ; Inapplicable ; Inapplicable ; Inapplicable ; Inapplicable ; Inapplicable ; Inapplicable ; Inapplicable ; Inapplicable ; Inapplicable ;
; data_cache[10]     ; Inapplicable ; Inapplicable ; Inapplicable ; Inapplicable ; Inapplicable ; Pass      ; Inapplicable ; Inapplicable ; Pass      ; Pass      ; Inapplicable ; Inapplicable ; Inapplicable ; Inapplicable ; Inapplicable ; Inapplicable ; Inapplicable ; Inapplicable ; Inapplicable ; Inapplicable ; Inapplicable ; Inapplicable ; Inapplicable ; Inapplicable ; Inapplicable ; Inapplicable ; Inapplicable ; Inapplicable ;
; data_cache[11]     ; Inapplicable ; Inapplicable ; Inapplicable ; Inapplicable ; Inapplicable ; Pass      ; Inapplicable ; Inapplicable ; Pass      ; Pass      ; Inapplicable ; Inapplicable ; Inapplicable ; Inapplicable ; Inapplicable ; Inapplicable ; Inapplicable ; Inapplicable ; Inapplicable ; Inapplicable ; Inapplicable ; Inapplicable ; Inapplicable ; Inapplicable ; Inapplicable ; Inapplicable ; Inapplicable ; Inapplicable ;
; data_cache[12]     ; Inapplicable ; Inapplicable ; Inapplicable ; Inapplicable ; Inapplicable ; Pass      ; Inapplicable ; Inapplicable ; Pass      ; Pass      ; Inapplicable ; Inapplicable ; Inapplicable ; Inapplicable ; Inapplicable ; Inapplicable ; Inapplicable ; Inapplicable ; Inapplicable ; Inapplicable ; Inapplicable ; Inapplicable ; Inapplicable ; Inapplicable ; Inapplicable ; Inapplicable ; Inapplicable ; Inapplicable ;
; data_cache[13]     ; Inapplicable ; Inapplicable ; Inapplicable ; Inapplicable ; Inapplicable ; Pass      ; Inapplicable ; Inapplicable ; Pass      ; Pass      ; Inapplicable ; Inapplicable ; Inapplicable ; Inapplicable ; Inapplicable ; Inapplicable ; Inapplicable ; Inapplicable ; Inapplicable ; Inapplicable ; Inapplicable ; Inapplicable ; Inapplicable ; Inapplicable ; Inapplicable ; Inapplicable ; Inapplicable ; Inapplicable ;
; data_cache[14]     ; Inapplicable ; Inapplicable ; Inapplicable ; Inapplicable ; Inapplicable ; Pass      ; Inapplicable ; Inapplicable ; Pass      ; Pass      ; Inapplicable ; Inapplicable ; Inapplicable ; Inapplicable ; Inapplicable ; Inapplicable ; Inapplicable ; Inapplicable ; Inapplicable ; Inapplicable ; Inapplicable ; Inapplicable ; Inapplicable ; Inapplicable ; Inapplicable ; Inapplicable ; Inapplicable ; Inapplicable ;
; data_cache[15]     ; Inapplicable ; Inapplicable ; Inapplicable ; Inapplicable ; Inapplicable ; Pass      ; Inapplicable ; Inapplicable ; Pass      ; Pass      ; Inapplicable ; Inapplicable ; Inapplicable ; Inapplicable ; Inapplicable ; Inapplicable ; Inapplicable ; Inapplicable ; Inapplicable ; Inapplicable ; Inapplicable ; Inapplicable ; Inapplicable ; Inapplicable ; Inapplicable ; Inapplicable ; Inapplicable ; Inapplicable ;
; data_cache[16]     ; Inapplicable ; Inapplicable ; Inapplicable ; Inapplicable ; Inapplicable ; Pass      ; Inapplicable ; Inapplicable ; Pass      ; Pass      ; Inapplicable ; Inapplicable ; Inapplicable ; Inapplicable ; Inapplicable ; Inapplicable ; Inapplicable ; Inapplicable ; Inapplicable ; Inapplicable ; Inapplicable ; Inapplicable ; Inapplicable ; Inapplicable ; Inapplicable ; Inapplicable ; Inapplicable ; Inapplicable ;
; data_cache[17]     ; Inapplicable ; Inapplicable ; Inapplicable ; Inapplicable ; Inapplicable ; Pass      ; Inapplicable ; Inapplicable ; Pass      ; Pass      ; Inapplicable ; Inapplicable ; Inapplicable ; Inapplicable ; Inapplicable ; Inapplicable ; Inapplicable ; Inapplicable ; Inapplicable ; Inapplicable ; Inapplicable ; Inapplicable ; Inapplicable ; Inapplicable ; Inapplicable ; Inapplicable ; Inapplicable ; Inapplicable ;
; data_cache[18]     ; Inapplicable ; Inapplicable ; Inapplicable ; Inapplicable ; Inapplicable ; Pass      ; Inapplicable ; Inapplicable ; Pass      ; Pass      ; Inapplicable ; Inapplicable ; Inapplicable ; Inapplicable ; Inapplicable ; Inapplicable ; Inapplicable ; Inapplicable ; Inapplicable ; Inapplicable ; Inapplicable ; Inapplicable ; Inapplicable ; Inapplicable ; Inapplicable ; Inapplicable ; Inapplicable ; Inapplicable ;
; data_cache[19]     ; Inapplicable ; Inapplicable ; Inapplicable ; Inapplicable ; Inapplicable ; Pass      ; Inapplicable ; Inapplicable ; Pass      ; Pass      ; Inapplicable ; Inapplicable ; Inapplicable ; Inapplicable ; Inapplicable ; Inapplicable ; Inapplicable ; Inapplicable ; Inapplicable ; Inapplicable ; Inapplicable ; Inapplicable ; Inapplicable ; Inapplicable ; Inapplicable ; Inapplicable ; Inapplicable ; Inapplicable ;
; data_cache[20]     ; Inapplicable ; Inapplicable ; Inapplicable ; Inapplicable ; Inapplicable ; Pass      ; Inapplicable ; Inapplicable ; Pass      ; Pass      ; Inapplicable ; Inapplicable ; Inapplicable ; Inapplicable ; Inapplicable ; Inapplicable ; Inapplicable ; Inapplicable ; Inapplicable ; Inapplicable ; Inapplicable ; Inapplicable ; Inapplicable ; Inapplicable ; Inapplicable ; Inapplicable ; Inapplicable ; Inapplicable ;
; data_cache[21]     ; Inapplicable ; Inapplicable ; Inapplicable ; Inapplicable ; Inapplicable ; Pass      ; Inapplicable ; Inapplicable ; Pass      ; Pass      ; Inapplicable ; Inapplicable ; Inapplicable ; Inapplicable ; Inapplicable ; Inapplicable ; Inapplicable ; Inapplicable ; Inapplicable ; Inapplicable ; Inapplicable ; Inapplicable ; Inapplicable ; Inapplicable ; Inapplicable ; Inapplicable ; Inapplicable ; Inapplicable ;
; data_cache[22]     ; Inapplicable ; Inapplicable ; Inapplicable ; Inapplicable ; Inapplicable ; Pass      ; Inapplicable ; Inapplicable ; Pass      ; Pass      ; Inapplicable ; Inapplicable ; Inapplicable ; Inapplicable ; Inapplicable ; Inapplicable ; Inapplicable ; Inapplicable ; Inapplicable ; Inapplicable ; Inapplicable ; Inapplicable ; Inapplicable ; Inapplicable ; Inapplicable ; Inapplicable ; Inapplicable ; Inapplicable ;
; data_cache[23]     ; Inapplicable ; Inapplicable ; Inapplicable ; Inapplicable ; Inapplicable ; Pass      ; Inapplicable ; Inapplicable ; Pass      ; Pass      ; Inapplicable ; Inapplicable ; Inapplicable ; Inapplicable ; Inapplicable ; Inapplicable ; Inapplicable ; Inapplicable ; Inapplicable ; Inapplicable ; Inapplicable ; Inapplicable ; Inapplicable ; Inapplicable ; Inapplicable ; Inapplicable ; Inapplicable ; Inapplicable ;
; data_cache[24]     ; Inapplicable ; Inapplicable ; Inapplicable ; Inapplicable ; Inapplicable ; Pass      ; Inapplicable ; Inapplicable ; Pass      ; Pass      ; Inapplicable ; Inapplicable ; Inapplicable ; Inapplicable ; Inapplicable ; Inapplicable ; Inapplicable ; Inapplicable ; Inapplicable ; Inapplicable ; Inapplicable ; Inapplicable ; Inapplicable ; Inapplicable ; Inapplicable ; Inapplicable ; Inapplicable ; Inapplicable ;
; data_cache[25]     ; Inapplicable ; Inapplicable ; Inapplicable ; Inapplicable ; Inapplicable ; Pass      ; Inapplicable ; Inapplicable ; Pass      ; Pass      ; Inapplicable ; Inapplicable ; Inapplicable ; Inapplicable ; Inapplicable ; Inapplicable ; Inapplicable ; Inapplicable ; Inapplicable ; Inapplicable ; Inapplicable ; Inapplicable ; Inapplicable ; Inapplicable ; Inapplicable ; Inapplicable ; Inapplicable ; Inapplicable ;
; data_cache[26]     ; Inapplicable ; Inapplicable ; Inapplicable ; Inapplicable ; Inapplicable ; Pass      ; Inapplicable ; Inapplicable ; Pass      ; Pass      ; Inapplicable ; Inapplicable ; Inapplicable ; Inapplicable ; Inapplicable ; Inapplicable ; Inapplicable ; Inapplicable ; Inapplicable ; Inapplicable ; Inapplicable ; Inapplicable ; Inapplicable ; Inapplicable ; Inapplicable ; Inapplicable ; Inapplicable ; Inapplicable ;
; data_cache[27]     ; Inapplicable ; Inapplicable ; Inapplicable ; Inapplicable ; Inapplicable ; Pass      ; Inapplicable ; Inapplicable ; Pass      ; Pass      ; Inapplicable ; Inapplicable ; Inapplicable ; Inapplicable ; Inapplicable ; Inapplicable ; Inapplicable ; Inapplicable ; Inapplicable ; Inapplicable ; Inapplicable ; Inapplicable ; Inapplicable ; Inapplicable ; Inapplicable ; Inapplicable ; Inapplicable ; Inapplicable ;
; data_cache[28]     ; Inapplicable ; Inapplicable ; Inapplicable ; Inapplicable ; Inapplicable ; Pass      ; Inapplicable ; Inapplicable ; Pass      ; Pass      ; Inapplicable ; Inapplicable ; Inapplicable ; Inapplicable ; Inapplicable ; Inapplicable ; Inapplicable ; Inapplicable ; Inapplicable ; Inapplicable ; Inapplicable ; Inapplicable ; Inapplicable ; Inapplicable ; Inapplicable ; Inapplicable ; Inapplicable ; Inapplicable ;
; data_cache[29]     ; Inapplicable ; Inapplicable ; Inapplicable ; Inapplicable ; Inapplicable ; Pass      ; Inapplicable ; Inapplicable ; Pass      ; Pass      ; Inapplicable ; Inapplicable ; Inapplicable ; Inapplicable ; Inapplicable ; Inapplicable ; Inapplicable ; Inapplicable ; Inapplicable ; Inapplicable ; Inapplicable ; Inapplicable ; Inapplicable ; Inapplicable ; Inapplicable ; Inapplicable ; Inapplicable ; Inapplicable ;
; data_cache[30]     ; Inapplicable ; Inapplicable ; Inapplicable ; Inapplicable ; Inapplicable ; Pass      ; Inapplicable ; Inapplicable ; Pass      ; Pass      ; Inapplicable ; Inapplicable ; Inapplicable ; Inapplicable ; Inapplicable ; Inapplicable ; Inapplicable ; Inapplicable ; Inapplicable ; Inapplicable ; Inapplicable ; Inapplicable ; Inapplicable ; Inapplicable ; Inapplicable ; Inapplicable ; Inapplicable ; Inapplicable ;
; data_cache[31]     ; Inapplicable ; Inapplicable ; Inapplicable ; Inapplicable ; Inapplicable ; Pass      ; Inapplicable ; Inapplicable ; Pass      ; Pass      ; Inapplicable ; Inapplicable ; Inapplicable ; Inapplicable ; Inapplicable ; Inapplicable ; Inapplicable ; Inapplicable ; Inapplicable ; Inapplicable ; Inapplicable ; Inapplicable ; Inapplicable ; Inapplicable ; Inapplicable ; Inapplicable ; Inapplicable ; Inapplicable ;
; req_valid          ; Inapplicable ; Inapplicable ; Inapplicable ; Inapplicable ; Inapplicable ; Pass      ; Inapplicable ; Inapplicable ; Pass      ; Pass      ; Inapplicable ; Pass         ; Inapplicable ; Inapplicable ; Inapplicable ; Inapplicable ; Pass         ; Inapplicable ; Inapplicable ; Inapplicable ; Inapplicable ; Pass         ; Inapplicable ; Inapplicable ; Inapplicable ; Inapplicable ; Inapplicable ; Inapplicable ;
; rd                 ; Inapplicable ; Inapplicable ; Inapplicable ; Inapplicable ; Inapplicable ; Pass      ; Inapplicable ; Inapplicable ; Pass      ; Pass      ; Inapplicable ; Pass         ; Inapplicable ; Inapplicable ; Inapplicable ; Inapplicable ; Pass         ; Inapplicable ; Inapplicable ; Inapplicable ; Inapplicable ; Pass         ; Inapplicable ; Inapplicable ; Inapplicable ; Inapplicable ; Inapplicable ; Inapplicable ;
; we                 ; Inapplicable ; Inapplicable ; Inapplicable ; Inapplicable ; Inapplicable ; Pass      ; Inapplicable ; Inapplicable ; Pass      ; Pass      ; Inapplicable ; Pass         ; Inapplicable ; Inapplicable ; Inapplicable ; Inapplicable ; Pass         ; Inapplicable ; Inapplicable ; Inapplicable ; Inapplicable ; Pass         ; Inapplicable ; Inapplicable ; Inapplicable ; Inapplicable ; Inapplicable ; Inapplicable ;
; addr[0]            ; Inapplicable ; Inapplicable ; Inapplicable ; Inapplicable ; Inapplicable ; Pass      ; Inapplicable ; Inapplicable ; Pass      ; Pass      ; Inapplicable ; Pass         ; Inapplicable ; Inapplicable ; Inapplicable ; Inapplicable ; Pass         ; Inapplicable ; Inapplicable ; Inapplicable ; Inapplicable ; Pass         ; Inapplicable ; Inapplicable ; Inapplicable ; Inapplicable ; Inapplicable ; Inapplicable ;
; addr[1]            ; Inapplicable ; Inapplicable ; Inapplicable ; Inapplicable ; Inapplicable ; Pass      ; Inapplicable ; Inapplicable ; Pass      ; Pass      ; Inapplicable ; Pass         ; Inapplicable ; Inapplicable ; Inapplicable ; Inapplicable ; Pass         ; Inapplicable ; Inapplicable ; Inapplicable ; Inapplicable ; Pass         ; Inapplicable ; Inapplicable ; Inapplicable ; Inapplicable ; Inapplicable ; Inapplicable ;
; addr[2]            ; Inapplicable ; Inapplicable ; Inapplicable ; Inapplicable ; Inapplicable ; Pass      ; Inapplicable ; Inapplicable ; Pass      ; Pass      ; Inapplicable ; Pass         ; Inapplicable ; Inapplicable ; Inapplicable ; Inapplicable ; Pass         ; Inapplicable ; Inapplicable ; Inapplicable ; Inapplicable ; Pass         ; Inapplicable ; Inapplicable ; Inapplicable ; Inapplicable ; Inapplicable ; Inapplicable ;
; addr[3]            ; Inapplicable ; Inapplicable ; Inapplicable ; Inapplicable ; Inapplicable ; Pass      ; Inapplicable ; Inapplicable ; Pass      ; Pass      ; Inapplicable ; Pass         ; Inapplicable ; Inapplicable ; Inapplicable ; Inapplicable ; Pass         ; Inapplicable ; Inapplicable ; Inapplicable ; Inapplicable ; Pass         ; Inapplicable ; Inapplicable ; Inapplicable ; Inapplicable ; Inapplicable ; Inapplicable ;
; addr[4]            ; Inapplicable ; Inapplicable ; Inapplicable ; Inapplicable ; Inapplicable ; Pass      ; Inapplicable ; Inapplicable ; Pass      ; Pass      ; Inapplicable ; Pass         ; Inapplicable ; Inapplicable ; Inapplicable ; Inapplicable ; Pass         ; Inapplicable ; Inapplicable ; Inapplicable ; Inapplicable ; Pass         ; Inapplicable ; Inapplicable ; Inapplicable ; Inapplicable ; Inapplicable ; Inapplicable ;
; data[0]            ; Inapplicable ; Inapplicable ; Inapplicable ; Inapplicable ; Inapplicable ; Pass      ; Inapplicable ; Inapplicable ; Pass      ; Pass      ; Inapplicable ; Pass         ; Inapplicable ; Inapplicable ; Inapplicable ; Inapplicable ; Pass         ; Inapplicable ; Inapplicable ; Inapplicable ; Inapplicable ; Pass         ; Inapplicable ; Inapplicable ; Inapplicable ; Inapplicable ; Inapplicable ; Inapplicable ;
; data[1]            ; Inapplicable ; Inapplicable ; Inapplicable ; Inapplicable ; Inapplicable ; Pass      ; Inapplicable ; Inapplicable ; Pass      ; Pass      ; Inapplicable ; Pass         ; Inapplicable ; Inapplicable ; Inapplicable ; Inapplicable ; Pass         ; Inapplicable ; Inapplicable ; Inapplicable ; Inapplicable ; Pass         ; Inapplicable ; Inapplicable ; Inapplicable ; Inapplicable ; Inapplicable ; Inapplicable ;
; data[2]            ; Inapplicable ; Inapplicable ; Inapplicable ; Inapplicable ; Inapplicable ; Pass      ; Inapplicable ; Inapplicable ; Pass      ; Pass      ; Inapplicable ; Pass         ; Inapplicable ; Inapplicable ; Inapplicable ; Inapplicable ; Pass         ; Inapplicable ; Inapplicable ; Inapplicable ; Inapplicable ; Pass         ; Inapplicable ; Inapplicable ; Inapplicable ; Inapplicable ; Inapplicable ; Inapplicable ;
; data[3]            ; Inapplicable ; Inapplicable ; Inapplicable ; Inapplicable ; Inapplicable ; Pass      ; Inapplicable ; Inapplicable ; Pass      ; Pass      ; Inapplicable ; Pass         ; Inapplicable ; Inapplicable ; Inapplicable ; Inapplicable ; Pass         ; Inapplicable ; Inapplicable ; Inapplicable ; Inapplicable ; Pass         ; Inapplicable ; Inapplicable ; Inapplicable ; Inapplicable ; Inapplicable ; Inapplicable ;
; data[4]            ; Inapplicable ; Inapplicable ; Inapplicable ; Inapplicable ; Inapplicable ; Pass      ; Inapplicable ; Inapplicable ; Pass      ; Pass      ; Inapplicable ; Pass         ; Inapplicable ; Inapplicable ; Inapplicable ; Inapplicable ; Pass         ; Inapplicable ; Inapplicable ; Inapplicable ; Inapplicable ; Pass         ; Inapplicable ; Inapplicable ; Inapplicable ; Inapplicable ; Inapplicable ; Inapplicable ;
; data[5]            ; Inapplicable ; Inapplicable ; Inapplicable ; Inapplicable ; Inapplicable ; Pass      ; Inapplicable ; Inapplicable ; Pass      ; Pass      ; Inapplicable ; Pass         ; Inapplicable ; Inapplicable ; Inapplicable ; Inapplicable ; Pass         ; Inapplicable ; Inapplicable ; Inapplicable ; Inapplicable ; Pass         ; Inapplicable ; Inapplicable ; Inapplicable ; Inapplicable ; Inapplicable ; Inapplicable ;
; data[6]            ; Inapplicable ; Inapplicable ; Inapplicable ; Inapplicable ; Inapplicable ; Pass      ; Inapplicable ; Inapplicable ; Pass      ; Pass      ; Inapplicable ; Pass         ; Inapplicable ; Inapplicable ; Inapplicable ; Inapplicable ; Pass         ; Inapplicable ; Inapplicable ; Inapplicable ; Inapplicable ; Pass         ; Inapplicable ; Inapplicable ; Inapplicable ; Inapplicable ; Inapplicable ; Inapplicable ;
; data[7]            ; Inapplicable ; Inapplicable ; Inapplicable ; Inapplicable ; Inapplicable ; Pass      ; Inapplicable ; Inapplicable ; Pass      ; Pass      ; Inapplicable ; Pass         ; Inapplicable ; Inapplicable ; Inapplicable ; Inapplicable ; Pass         ; Inapplicable ; Inapplicable ; Inapplicable ; Inapplicable ; Pass         ; Inapplicable ; Inapplicable ; Inapplicable ; Inapplicable ; Inapplicable ; Inapplicable ;
; data[8]            ; Inapplicable ; Inapplicable ; Inapplicable ; Inapplicable ; Inapplicable ; Pass      ; Inapplicable ; Inapplicable ; Pass      ; Pass      ; Inapplicable ; Pass         ; Inapplicable ; Inapplicable ; Inapplicable ; Inapplicable ; Pass         ; Inapplicable ; Inapplicable ; Inapplicable ; Inapplicable ; Pass         ; Inapplicable ; Inapplicable ; Inapplicable ; Inapplicable ; Inapplicable ; Inapplicable ;
; data[9]            ; Inapplicable ; Inapplicable ; Inapplicable ; Inapplicable ; Inapplicable ; Pass      ; Inapplicable ; Inapplicable ; Pass      ; Pass      ; Inapplicable ; Pass         ; Inapplicable ; Inapplicable ; Inapplicable ; Inapplicable ; Pass         ; Inapplicable ; Inapplicable ; Inapplicable ; Inapplicable ; Pass         ; Inapplicable ; Inapplicable ; Inapplicable ; Inapplicable ; Inapplicable ; Inapplicable ;
; data[10]           ; Inapplicable ; Inapplicable ; Inapplicable ; Inapplicable ; Inapplicable ; Pass      ; Inapplicable ; Inapplicable ; Pass      ; Pass      ; Inapplicable ; Pass         ; Inapplicable ; Inapplicable ; Inapplicable ; Inapplicable ; Pass         ; Inapplicable ; Inapplicable ; Inapplicable ; Inapplicable ; Pass         ; Inapplicable ; Inapplicable ; Inapplicable ; Inapplicable ; Inapplicable ; Inapplicable ;
; data[11]           ; Inapplicable ; Inapplicable ; Inapplicable ; Inapplicable ; Inapplicable ; Pass      ; Inapplicable ; Inapplicable ; Pass      ; Pass      ; Inapplicable ; Pass         ; Inapplicable ; Inapplicable ; Inapplicable ; Inapplicable ; Pass         ; Inapplicable ; Inapplicable ; Inapplicable ; Inapplicable ; Pass         ; Inapplicable ; Inapplicable ; Inapplicable ; Inapplicable ; Inapplicable ; Inapplicable ;
; data[12]           ; Inapplicable ; Inapplicable ; Inapplicable ; Inapplicable ; Inapplicable ; Pass      ; Inapplicable ; Inapplicable ; Pass      ; Pass      ; Inapplicable ; Pass         ; Inapplicable ; Inapplicable ; Inapplicable ; Inapplicable ; Pass         ; Inapplicable ; Inapplicable ; Inapplicable ; Inapplicable ; Pass         ; Inapplicable ; Inapplicable ; Inapplicable ; Inapplicable ; Inapplicable ; Inapplicable ;
; data[13]           ; Inapplicable ; Inapplicable ; Inapplicable ; Inapplicable ; Inapplicable ; Pass      ; Inapplicable ; Inapplicable ; Pass      ; Pass      ; Inapplicable ; Pass         ; Inapplicable ; Inapplicable ; Inapplicable ; Inapplicable ; Pass         ; Inapplicable ; Inapplicable ; Inapplicable ; Inapplicable ; Pass         ; Inapplicable ; Inapplicable ; Inapplicable ; Inapplicable ; Inapplicable ; Inapplicable ;
; data[14]           ; Inapplicable ; Inapplicable ; Inapplicable ; Inapplicable ; Inapplicable ; Pass      ; Inapplicable ; Inapplicable ; Pass      ; Pass      ; Inapplicable ; Pass         ; Inapplicable ; Inapplicable ; Inapplicable ; Inapplicable ; Pass         ; Inapplicable ; Inapplicable ; Inapplicable ; Inapplicable ; Pass         ; Inapplicable ; Inapplicable ; Inapplicable ; Inapplicable ; Inapplicable ; Inapplicable ;
; data[15]           ; Inapplicable ; Inapplicable ; Inapplicable ; Inapplicable ; Inapplicable ; Pass      ; Inapplicable ; Inapplicable ; Pass      ; Pass      ; Inapplicable ; Pass         ; Inapplicable ; Inapplicable ; Inapplicable ; Inapplicable ; Pass         ; Inapplicable ; Inapplicable ; Inapplicable ; Inapplicable ; Pass         ; Inapplicable ; Inapplicable ; Inapplicable ; Inapplicable ; Inapplicable ; Inapplicable ;
; data[16]           ; Inapplicable ; Inapplicable ; Inapplicable ; Inapplicable ; Inapplicable ; Pass      ; Inapplicable ; Inapplicable ; Pass      ; Pass      ; Inapplicable ; Pass         ; Inapplicable ; Inapplicable ; Inapplicable ; Inapplicable ; Pass         ; Inapplicable ; Inapplicable ; Inapplicable ; Inapplicable ; Pass         ; Inapplicable ; Inapplicable ; Inapplicable ; Inapplicable ; Inapplicable ; Inapplicable ;
; data[17]           ; Inapplicable ; Inapplicable ; Inapplicable ; Inapplicable ; Inapplicable ; Pass      ; Inapplicable ; Inapplicable ; Pass      ; Pass      ; Inapplicable ; Pass         ; Inapplicable ; Inapplicable ; Inapplicable ; Inapplicable ; Pass         ; Inapplicable ; Inapplicable ; Inapplicable ; Inapplicable ; Pass         ; Inapplicable ; Inapplicable ; Inapplicable ; Inapplicable ; Inapplicable ; Inapplicable ;
; data[18]           ; Inapplicable ; Inapplicable ; Inapplicable ; Inapplicable ; Inapplicable ; Pass      ; Inapplicable ; Inapplicable ; Pass      ; Pass      ; Inapplicable ; Pass         ; Inapplicable ; Inapplicable ; Inapplicable ; Inapplicable ; Pass         ; Inapplicable ; Inapplicable ; Inapplicable ; Inapplicable ; Pass         ; Inapplicable ; Inapplicable ; Inapplicable ; Inapplicable ; Inapplicable ; Inapplicable ;
; data[19]           ; Inapplicable ; Inapplicable ; Inapplicable ; Inapplicable ; Inapplicable ; Pass      ; Inapplicable ; Inapplicable ; Pass      ; Pass      ; Inapplicable ; Pass         ; Inapplicable ; Inapplicable ; Inapplicable ; Inapplicable ; Pass         ; Inapplicable ; Inapplicable ; Inapplicable ; Inapplicable ; Pass         ; Inapplicable ; Inapplicable ; Inapplicable ; Inapplicable ; Inapplicable ; Inapplicable ;
; data[20]           ; Inapplicable ; Inapplicable ; Inapplicable ; Inapplicable ; Inapplicable ; Pass      ; Inapplicable ; Inapplicable ; Pass      ; Pass      ; Inapplicable ; Pass         ; Inapplicable ; Inapplicable ; Inapplicable ; Inapplicable ; Pass         ; Inapplicable ; Inapplicable ; Inapplicable ; Inapplicable ; Pass         ; Inapplicable ; Inapplicable ; Inapplicable ; Inapplicable ; Inapplicable ; Inapplicable ;
; data[21]           ; Inapplicable ; Inapplicable ; Inapplicable ; Inapplicable ; Inapplicable ; Pass      ; Inapplicable ; Inapplicable ; Pass      ; Pass      ; Inapplicable ; Pass         ; Inapplicable ; Inapplicable ; Inapplicable ; Inapplicable ; Pass         ; Inapplicable ; Inapplicable ; Inapplicable ; Inapplicable ; Pass         ; Inapplicable ; Inapplicable ; Inapplicable ; Inapplicable ; Inapplicable ; Inapplicable ;
; data[22]           ; Inapplicable ; Inapplicable ; Inapplicable ; Inapplicable ; Inapplicable ; Pass      ; Inapplicable ; Inapplicable ; Pass      ; Pass      ; Inapplicable ; Pass         ; Inapplicable ; Inapplicable ; Inapplicable ; Inapplicable ; Pass         ; Inapplicable ; Inapplicable ; Inapplicable ; Inapplicable ; Pass         ; Inapplicable ; Inapplicable ; Inapplicable ; Inapplicable ; Inapplicable ; Inapplicable ;
; data[23]           ; Inapplicable ; Inapplicable ; Inapplicable ; Inapplicable ; Inapplicable ; Pass      ; Inapplicable ; Inapplicable ; Pass      ; Pass      ; Inapplicable ; Pass         ; Inapplicable ; Inapplicable ; Inapplicable ; Inapplicable ; Pass         ; Inapplicable ; Inapplicable ; Inapplicable ; Inapplicable ; Pass         ; Inapplicable ; Inapplicable ; Inapplicable ; Inapplicable ; Inapplicable ; Inapplicable ;
; data[24]           ; Inapplicable ; Inapplicable ; Inapplicable ; Inapplicable ; Inapplicable ; Pass      ; Inapplicable ; Inapplicable ; Pass      ; Pass      ; Inapplicable ; Pass         ; Inapplicable ; Inapplicable ; Inapplicable ; Inapplicable ; Pass         ; Inapplicable ; Inapplicable ; Inapplicable ; Inapplicable ; Pass         ; Inapplicable ; Inapplicable ; Inapplicable ; Inapplicable ; Inapplicable ; Inapplicable ;
; data[25]           ; Inapplicable ; Inapplicable ; Inapplicable ; Inapplicable ; Inapplicable ; Pass      ; Inapplicable ; Inapplicable ; Pass      ; Pass      ; Inapplicable ; Pass         ; Inapplicable ; Inapplicable ; Inapplicable ; Inapplicable ; Pass         ; Inapplicable ; Inapplicable ; Inapplicable ; Inapplicable ; Pass         ; Inapplicable ; Inapplicable ; Inapplicable ; Inapplicable ; Inapplicable ; Inapplicable ;
; data[26]           ; Inapplicable ; Inapplicable ; Inapplicable ; Inapplicable ; Inapplicable ; Pass      ; Inapplicable ; Inapplicable ; Pass      ; Pass      ; Inapplicable ; Pass         ; Inapplicable ; Inapplicable ; Inapplicable ; Inapplicable ; Pass         ; Inapplicable ; Inapplicable ; Inapplicable ; Inapplicable ; Pass         ; Inapplicable ; Inapplicable ; Inapplicable ; Inapplicable ; Inapplicable ; Inapplicable ;
; data[27]           ; Inapplicable ; Inapplicable ; Inapplicable ; Inapplicable ; Inapplicable ; Pass      ; Inapplicable ; Inapplicable ; Pass      ; Pass      ; Inapplicable ; Pass         ; Inapplicable ; Inapplicable ; Inapplicable ; Inapplicable ; Pass         ; Inapplicable ; Inapplicable ; Inapplicable ; Inapplicable ; Pass         ; Inapplicable ; Inapplicable ; Inapplicable ; Inapplicable ; Inapplicable ; Inapplicable ;
; data[28]           ; Inapplicable ; Inapplicable ; Inapplicable ; Inapplicable ; Inapplicable ; Pass      ; Inapplicable ; Inapplicable ; Pass      ; Pass      ; Inapplicable ; Pass         ; Inapplicable ; Inapplicable ; Inapplicable ; Inapplicable ; Pass         ; Inapplicable ; Inapplicable ; Inapplicable ; Inapplicable ; Pass         ; Inapplicable ; Inapplicable ; Inapplicable ; Inapplicable ; Inapplicable ; Inapplicable ;
; data[29]           ; Inapplicable ; Inapplicable ; Inapplicable ; Inapplicable ; Inapplicable ; Pass      ; Inapplicable ; Inapplicable ; Pass      ; Pass      ; Inapplicable ; Pass         ; Inapplicable ; Inapplicable ; Inapplicable ; Inapplicable ; Pass         ; Inapplicable ; Inapplicable ; Inapplicable ; Inapplicable ; Pass         ; Inapplicable ; Inapplicable ; Inapplicable ; Inapplicable ; Inapplicable ; Inapplicable ;
; data[30]           ; Inapplicable ; Inapplicable ; Inapplicable ; Inapplicable ; Inapplicable ; Pass      ; Inapplicable ; Inapplicable ; Pass      ; Pass      ; Inapplicable ; Pass         ; Inapplicable ; Inapplicable ; Inapplicable ; Inapplicable ; Pass         ; Inapplicable ; Inapplicable ; Inapplicable ; Inapplicable ; Pass         ; Inapplicable ; Inapplicable ; Inapplicable ; Inapplicable ; Inapplicable ; Inapplicable ;
; data[31]           ; Inapplicable ; Inapplicable ; Inapplicable ; Inapplicable ; Inapplicable ; Pass      ; Inapplicable ; Inapplicable ; Pass      ; Pass      ; Inapplicable ; Pass         ; Inapplicable ; Inapplicable ; Inapplicable ; Inapplicable ; Pass         ; Inapplicable ; Inapplicable ; Inapplicable ; Inapplicable ; Pass         ; Inapplicable ; Inapplicable ; Inapplicable ; Inapplicable ; Inapplicable ; Inapplicable ;
; finished           ; Inapplicable ; Inapplicable ; Inapplicable ; Inapplicable ; Inapplicable ; Pass      ; Inapplicable ; Inapplicable ; Pass      ; Pass      ; Inapplicable ; Pass         ; Inapplicable ; Inapplicable ; Inapplicable ; Inapplicable ; Pass         ; Inapplicable ; Inapplicable ; Inapplicable ; Inapplicable ; Pass         ; Inapplicable ; Inapplicable ; Inapplicable ; Inapplicable ; Inapplicable ; Inapplicable ;
; clk                ; Inapplicable ; Inapplicable ; Inapplicable ; Inapplicable ; Inapplicable ; Pass      ; Inapplicable ; Inapplicable ; Pass      ; Pass      ; Inapplicable ; Inapplicable ; Inapplicable ; Inapplicable ; Inapplicable ; Inapplicable ; Inapplicable ; Inapplicable ; Inapplicable ; Inapplicable ; Inapplicable ; Inapplicable ; Inapplicable ; Inapplicable ; Inapplicable ; Inapplicable ; Inapplicable ; Inapplicable ;
; rst                ; Inapplicable ; Inapplicable ; Inapplicable ; Inapplicable ; Inapplicable ; Pass      ; Inapplicable ; Inapplicable ; Pass      ; Pass      ; Inapplicable ; Inapplicable ; Inapplicable ; Inapplicable ; Inapplicable ; Inapplicable ; Inapplicable ; Inapplicable ; Inapplicable ; Inapplicable ; Inapplicable ; Inapplicable ; Inapplicable ; Inapplicable ; Inapplicable ; Inapplicable ; Inapplicable ; Inapplicable ;
; stall_cache        ; Inapplicable ; Inapplicable ; Inapplicable ; Inapplicable ; Inapplicable ; Pass      ; Inapplicable ; Inapplicable ; Pass      ; Pass      ; Inapplicable ; Inapplicable ; Inapplicable ; Inapplicable ; Inapplicable ; Inapplicable ; Inapplicable ; Inapplicable ; Inapplicable ; Inapplicable ; Inapplicable ; Inapplicable ; Inapplicable ; Inapplicable ; Inapplicable ; Inapplicable ; Inapplicable ; Inapplicable ;
+--------------------+--------------+--------------+--------------+--------------+--------------+-----------+--------------+--------------+-----------+-----------+--------------+--------------+--------------+--------------+--------------+--------------+--------------+--------------+--------------+--------------+--------------+--------------+--------------+--------------+--------------+--------------+--------------+--------------+


+------------------------------------------------------------------------------------------------+
; Fitter Device Options                                                                          ;
+------------------------------------------------------------------+-----------------------------+
; Option                                                           ; Setting                     ;
+------------------------------------------------------------------+-----------------------------+
; Enable user-supplied start-up clock (CLKUSR)                     ; Off                         ;
; Enable device-wide reset (DEV_CLRn)                              ; Off                         ;
; Enable device-wide output enable (DEV_OE)                        ; Off                         ;
; Enable INIT_DONE output                                          ; Off                         ;
; Configuration scheme                                             ; Passive Serial              ;
; Enable Error Detection CRC_ERROR pin                             ; Off                         ;
; Enable CvP_CONFDONE pin                                          ; Off                         ;
; Enable open drain on CRC_ERROR pin                               ; On                          ;
; Enable open drain on CvP_CONFDONE pin                            ; On                          ;
; Enable open drain on INIT_DONE pin                               ; On                          ;
; Enable open drain on Partial Reconfiguration pins                ; Off                         ;
; Enable open drain on nCEO pin                                    ; On                          ;
; Enable Partial Reconfiguration pins                              ; Off                         ;
; Enable input tri-state on active configuration pins in user mode ; Off                         ;
; Enable internal scrubbing                                        ; Off                         ;
; Active Serial clock source                                       ; 100 MHz Internal Oscillator ;
; Device initialization clock source                               ; Internal Oscillator         ;
; Configuration via Protocol                                       ; Off                         ;
; Configuration Voltage Level                                      ; Auto                        ;
; Force Configuration Voltage Level                                ; Off                         ;
; Enable nCEO output                                               ; Off                         ;
; Data[15..8]                                                      ; Unreserved                  ;
; Data[7..5]                                                       ; Unreserved                  ;
; Base pin-out file on sameframe device                            ; Off                         ;
+------------------------------------------------------------------+-----------------------------+


+------------------------------------+
; Operating Settings and Conditions  ;
+---------------------------+--------+
; Setting                   ; Value  ;
+---------------------------+--------+
; Nominal Core Voltage      ; 1.10 V ;
; Low Junction Temperature  ; 0 °C   ;
; High Junction Temperature ; 85 °C  ;
+---------------------------+--------+


+------------------------------------------------------------+
; Estimated Delay Added for Hold Timing Summary              ;
+-----------------+----------------------+-------------------+
; Source Clock(s) ; Destination Clock(s) ; Delay Added in ns ;
+-----------------+----------------------+-------------------+
; clk             ; clk                  ; 10.3              ;
+-----------------+----------------------+-------------------+
Note: For more information on problematic transfers, consider running the Fitter again with the Optimize hold timing option (Settings Menu) turned off.
This will disable optimization of problematic paths and expose them for further analysis using the Timing Analyzer.


+------------------------------------------------------------------------------------------------------------------------------+
; Estimated Delay Added for Hold Timing Details                                                                                ;
+-------------------+--------------------------------------------------------------------------------------+-------------------+
; Source Register   ; Destination Register                                                                 ; Delay Added in ns ;
+-------------------+--------------------------------------------------------------------------------------+-------------------+
; pc[5]             ; altsyncram:trace_rom|altsyncram_6d21:auto_generated|ram_block1a10~porta_address_reg0 ; 0.524             ;
; pc[2]             ; altsyncram:trace_rom|altsyncram_6d21:auto_generated|ram_block1a10~porta_address_reg0 ; 0.524             ;
; pc[0]             ; altsyncram:trace_rom|altsyncram_6d21:auto_generated|ram_block1a10~porta_address_reg0 ; 0.524             ;
; pc[6]             ; altsyncram:trace_rom|altsyncram_6d21:auto_generated|ram_block1a10~porta_address_reg0 ; 0.524             ;
; pc[4]             ; altsyncram:trace_rom|altsyncram_6d21:auto_generated|ram_block1a10~porta_address_reg0 ; 0.517             ;
; pc[1]             ; altsyncram:trace_rom|altsyncram_6d21:auto_generated|ram_block1a10~porta_address_reg0 ; 0.517             ;
; pc[7]             ; altsyncram:trace_rom|altsyncram_6d21:auto_generated|ram_block1a36~porta_address_reg0 ; 0.517             ;
; pc[3]             ; altsyncram:trace_rom|altsyncram_6d21:auto_generated|ram_block1a10~porta_address_reg0 ; 0.515             ;
; state.FETCH_WAIT  ; instr[37]                                                                            ; 0.365             ;
; state.WAIT_DONE   ; state.FETCH_INSTR                                                                    ; 0.345             ;
; state.START       ; state.FETCH_INSTR                                                                    ; 0.325             ;
; instr[37]         ; rd~reg0                                                                              ; 0.323             ;
; state.FETCH_INSTR ; we~reg0                                                                              ; 0.256             ;
; instr[32]         ; addr[0]~reg0                                                                         ; 0.237             ;
; instr[27]         ; data[27]~reg0                                                                        ; 0.072             ;
; instr[19]         ; data[19]~reg0                                                                        ; 0.072             ;
; instr[12]         ; data[12]~reg0                                                                        ; 0.072             ;
; instr[11]         ; data[11]~reg0                                                                        ; 0.072             ;
; instr[9]          ; data[9]~reg0                                                                         ; 0.072             ;
; instr[8]          ; data[8]~reg0                                                                         ; 0.072             ;
; instr[7]          ; data[7]~reg0                                                                         ; 0.072             ;
; instr[5]          ; data[5]~reg0                                                                         ; 0.072             ;
; instr[34]         ; addr[2]~reg0                                                                         ; 0.072             ;
; instr[6]          ; data[6]~reg0                                                                         ; 0.071             ;
; instr[28]         ; data[28]~reg0                                                                        ; 0.070             ;
; instr[24]         ; data[24]~reg0                                                                        ; 0.070             ;
; instr[22]         ; data[22]~reg0                                                                        ; 0.070             ;
; instr[18]         ; data[18]~reg0                                                                        ; 0.070             ;
; instr[17]         ; data[17]~reg0                                                                        ; 0.070             ;
; instr[10]         ; data[10]~reg0                                                                        ; 0.070             ;
; instr[1]          ; data[1]~reg0                                                                         ; 0.069             ;
; instr[29]         ; data[29]~reg0                                                                        ; 0.057             ;
; instr[26]         ; data[26]~reg0                                                                        ; 0.057             ;
; instr[14]         ; data[14]~reg0                                                                        ; 0.057             ;
; instr[13]         ; data[13]~reg0                                                                        ; 0.057             ;
; instr[0]          ; data[0]~reg0                                                                         ; 0.057             ;
; instr[36]         ; addr[4]~reg0                                                                         ; 0.057             ;
; instr[31]         ; data[31]~reg0                                                                        ; 0.055             ;
; instr[16]         ; data[16]~reg0                                                                        ; 0.055             ;
; instr[2]          ; data[2]~reg0                                                                         ; 0.055             ;
; instr[35]         ; addr[3]~reg0                                                                         ; 0.055             ;
; instr[33]         ; addr[1]~reg0                                                                         ; 0.055             ;
+-------------------+--------------------------------------------------------------------------------------+-------------------+
Note: This table only shows the top 42 path(s) that have the largest delay added for hold.


+-----------------+
; Fitter Messages ;
+-----------------+
Warning (18236): Number of processors has not been specified which may cause overloading on shared machines.  Set the global assignment NUM_PARALLEL_PROCESSORS in your QSF to an appropriate value for best performance.
Info (20030): Parallel compilation is enabled and will use 10 of the 10 processors detected
Info (119006): Selected device 5CGXFC7C7F23C8 for design "proyecto2"
Info (21077): Low junction temperature is 0 degrees C
Info (21077): High junction temperature is 85 degrees C
Info (171003): Fitter is performing an Auto Fit compilation, which may decrease Fitter effort to reduce compilation time
Warning (292013): Feature LogicLock is only available with a valid subscription license. You can purchase a software subscription to gain full access to this feature.
Warning (15714): Some pins have incomplete I/O assignments. Refer to the I/O Assignment Warnings report for details
Info (176045): Design uses memory blocks. Violating setup or hold times of memory block address registers for either read or write operations could cause memory contents to be corrupted. Make sure that all memory block address registers meet the setup and hold time requirements.
Critical Warning (169085): No exact pin location assignment(s) for 76 pins of 76 total pins. For the list of pins please refer to the I/O Assignment Warnings table in the fitter report.
Info (184020): Starting Fitter periphery placement operations
Info (11191): Automatically promoted 1 clock (1 global)
    Info (11162): clk~inputCLKENA0 with 131 fanout uses global clock CLKCTRL_G10
Info (184021): Fitter periphery placement operations ending: elapsed time is 00:00:00
Info (176233): Starting register packing
Critical Warning (332012): Synopsys Design Constraints File file not found: 'proyecto2.sdc'. A Synopsys Design Constraints File is required by the Timing Analyzer to get proper timing constraints. Without it, the Compiler will not properly optimize the design.
Info (332144): No user constrained base clocks found in the design
Info (332143): No user constrained clock uncertainty found in the design. Calling "derive_clock_uncertainty"
Info (332123): Deriving Clock Uncertainty. Please refer to report_sdc in the Timing Analyzer to see clock uncertainties.
Info (332130): Timing requirements not specified -- quality metrics such as performance may be sacrificed to reduce compilation time.
Info (176235): Finished register packing
    Extra Info (176219): No registers were packed into other blocks
Info (11798): Fitter preparation operations ending: elapsed time is 00:00:07
Info (170189): Fitter placement preparation operations beginning
Info (14951): The Fitter is using Advanced Physical Optimization.
Info (170190): Fitter placement preparation operations ending: elapsed time is 00:00:09
Info (170191): Fitter placement operations beginning
Info (170137): Fitter placement was successful
Info (170192): Fitter placement operations ending: elapsed time is 00:00:03
Info (170193): Fitter routing operations beginning
Info (170195): Router estimated average interconnect usage is 0% of the available device resources
    Info (170196): Router estimated peak interconnect usage is 1% of the available device resources in the region that extends from location X56_Y0 to location X66_Y10
Info (170199): The Fitter performed an Auto Fit compilation.  Optimizations were skipped to reduce compilation time.
    Info (170201): Optimizations that may affect the design's routability were skipped
Info (170194): Fitter routing operations ending: elapsed time is 00:00:01
Info (11888): Total time spent on timing analysis during the Fitter is 0.50 seconds.
Info (334003): Started post-fitting delay annotation
Info (334004): Delay annotation completed successfully
Info (334003): Started post-fitting delay annotation
Info (334004): Delay annotation completed successfully
Info (11801): Fitter post-fit operations ending: elapsed time is 00:00:03
Info (144001): Generated suppressed messages file C:/Users/jimmy/GitHub/jfeng_mvillatoro_jcampos_a2_2026_s1/proyecto2.fit.smsg
Info: Quartus Prime Fitter was successful. 0 errors, 5 warnings
    Info: Peak virtual memory: 7336 megabytes
    Info: Processing ended: Thu Apr 23 10:55:56 2026
    Info: Elapsed time: 00:00:43
    Info: Total CPU time (on all processors): 00:02:29


+----------------------------+
; Fitter Suppressed Messages ;
+----------------------------+
The suppressed messages can be found in C:/Users/jimmy/GitHub/jfeng_mvillatoro_jcampos_a2_2026_s1/proyecto2.fit.smsg.


